Year,DoY,ERBog
2010,316,
2010,317,
2010,318,
2010,319,
2010,320,
2010,321,
2010,322,
2010,323,
2010,324,
2010,325,
2010,326,
2010,327,
2010,328,
2010,329,
2010,330,
2010,331,
2010,332,
2010,333,
2010,334,
2010,335,
2010,336,
2010,337,
2010,338,
2010,339,
2010,340,
2010,341,
2010,342,
2010,343,
2010,344,
2010,345,
2010,346,
2010,347,
2010,348,
2010,349,
2010,350,
2010,351,
2010,352,
2010,353,
2010,354,
2010,355,
2010,356,
2010,357,
2010,358,
2010,359,
2010,360,
2011,1,0.006593085
2011,2,0.010571671
2011,3,0.010571671
2011,4,0.010571671
2011,5,0.010571671
2011,6,0.099793182
2011,7,0.293985846
2011,8,0.265057959
2011,9,0.307662723
2011,10,0.401813327
2011,11,0.318459775
2011,12,0.449287756
2011,13,0.305665155
2011,14,0.341964907
2011,15,0.386183761
2011,16,0.258603477
2011,17,0.259086261
2011,18,0.255533032
2011,19,0.27170214
2011,20,0.232067549
2011,21,0.134770623
2011,22,0.180131172
2011,23,0.199171739
2011,24,0.267368222
2011,25,0.214316351
2011,26,0.398122609
2011,27,0.51175412
2011,28,0.542727898
2011,29,0.739034533
2011,30,0.652635884
2011,31,0.669449569
2011,32,0.780709228
2011,33,0.684891847
2011,34,0.670087803
2011,35,0.567662581
2011,36,0.540289162
2011,37,0.482667089
2011,38,0.467837195
2011,39,0.947666064
2011,40,0.920713737
2011,41,0.659624952
2011,42,0.264698295
2011,43,0.005762061
2011,44,0.053299862
2011,45,0.049698173
2011,46,0.056901551
2011,47,0.052982655
2011,48,0.046479702
2011,49,0.039166971
2011,50,0.402315573
2011,51,0.159415096
2011,52,0.078963092
2011,53,0.219430663
2011,54,0.139425056
2011,55,0.185749992
2011,56,0.268677904
2011,57,0.238507925
2011,58,0.039117216
2011,59,0.050925919
2011,60,0.05204189
2011,61,0.038605445
2011,62,0.11350315
2011,63,0.103199386
2011,64,0.089725462
2011,65,0.097650759
2011,66,0.137004053
2011,67,0.079620627
2011,68,0.099064544
2011,69,0.100480625
2011,70,0.128883509
2011,71,0.062023366
2011,72,0.15694876
2011,73,0.125839857
2011,74,0.078704951
2011,75,0.111655813
2011,76,0.145741834
2011,77,0.157850239
2011,78,0.081948055
2011,79,0.163773251
2011,80,0.828479186
2011,81,0.728501216
2011,82,0.908992199
2011,83,1.087644814
2011,84,0.934317818
2011,85,0.800052998
2011,86,0.779456986
2011,87,0.85094377
2011,88,1.416129352
2011,89,1.055303323
2011,90,0.674447844
2011,91,0.541793919
2011,92,0.962263893
2011,93,1.321181348
2011,94,1.14261502
2011,95,1.063359469
2011,96,0.615254669
2011,97,1.007343552
2011,98,1.386002756
2011,99,1.002682737
2011,100,0.934905209
2011,101,1.003304534
2011,102,0.618364066
2011,103,0.689070556
2011,104,1.062884014
2011,105,1.21408073
2011,106,1.17049184
2011,107,1.224173276
2011,108,1.43356441
2011,109,1.479653255
2011,110,1.189602953
2011,111,1.176654465
2011,112,1.798739235
2011,113,2.199123884
2011,114,2.068353097
2011,115,1.849426003
2011,116,1.86050639
2011,117,1.66801146
2011,118,1.900370253
2011,119,1.980706051
2011,120,2.084267934
2011,121,1.895166174
2011,122,1.659545235
2011,123,1.755666378
2011,124,1.830830753
2011,125,1.941787221
2011,126,1.91662756
2011,127,1.377578526
2011,128,1.669831753
2011,129,1.948240822
2011,130,1.581683913
2011,131,1.624291256
2011,132,1.955738073
2011,133,1.878487749
2011,134,2.699528707
2011,135,2.489065689
2011,136,2.713867891
2011,137,3.393518836
2011,138,3.8383196
2011,139,3.259306089
2011,140,3.519570215
2011,141,3.963856934
2011,142,3.628570505
2011,143,4.142950953
2011,144,3.520668842
2011,145,3.257267882
2011,146,3.654627619
2011,147,4.111474223
2011,148,4.419976689
2011,149,4.264476927
2011,150,3.928932596
2011,151,3.86334842
2011,152,3.85658683
2011,153,2.41203911
2011,154,2.925773766
2011,155,2.543744067
2011,156,2.30188299
2011,157,2.72235025
2011,158,3.500207467
2011,159,3.657214048
2011,160,3.031522763
2011,161,3.265954299
2011,162,3.412427896
2011,163,3.229120003
2011,164,3.156963177
2011,165,3.273557118
2011,166,2.954995014
2011,167,3.432449713
2011,168,4.021664225
2011,169,4.787337866
2011,170,5.202734256
2011,171,4.168049294
2011,172,4.729998717
2011,173,3.803944887
2011,174,3.575044781
2011,175,4.986357964
2011,176,6.049413242
2011,177,3.951884004
2011,178,4.140971631
2011,179,1.774033292
2011,180,2.009964343
2011,181,2.322047798
2011,182,2.355794992
2011,183,2.168705728
2011,184,1.931779553
2011,185,2.139955275
2011,186,2.531051372
2011,187,4.551641222
2011,188,4.658602315
2011,189,3.736019006
2011,190,4.531552263
2011,191,4.175555918
2011,192,4.256732253
2011,193,3.672446549
2011,194,2.57324092
2011,195,2.578629198
2011,196,2.682168219
2011,197,2.043399808
2011,198,2.107555446
2011,199,1.662171456
2011,200,1.679829954
2011,201,2.202105966
2011,202,2.603640634
2011,203,2.808730064
2011,204,2.548879665
2011,205,2.214502057
2011,206,2.252371316
2011,207,1.910668314
2011,208,1.893465409
2011,209,1.966947408
2011,210,2.089891799
2011,211,1.709965513
2011,212,1.80812694
2011,213,2.202790761
2011,214,2.132664051
2011,215,2.126122778
2011,216,2.166862268
2011,217,1.559285958
2011,218,1.634954781
2011,219,1.354117251
2011,220,1.368379697
2011,221,1.534866547
2011,222,1.596351031
2011,223,1.63952895
2011,224,1.803183047
2011,225,1.599337255
2011,226,1.455552362
2011,227,1.565840201
2011,228,1.70303834
2011,229,1.009967476
2011,230,0.864215797
2011,231,1.039409874
2011,232,1.723108293
2011,233,1.545878033
2011,234,1.864484754
2011,235,1.623162742
2011,236,1.639002935
2011,237,1.642184224
2011,238,1.832146662
2011,239,1.934481695
2011,240,1.709052779
2011,241,1.680404871
2011,242,1.593913703
2011,243,1.65010336
2011,244,2.355329826
2011,245,2.359671851
2011,246,2.433323213
2011,247,2.159570657
2011,248,2.559027423
2011,249,2.625844711
2011,250,2.375830535
2011,251,2.183799175
2011,252,1.756117504
2011,253,1.814773202
2011,254,2.024508734
2011,255,2.212111871
2011,256,2.30837291
2011,257,2.218990516
2011,258,2.049604936
2011,259,2.060685638
2011,260,2.025140533
2011,261,1.766409696
2011,262,1.917238232
2011,263,2.518047524
2011,264,2.397481441
2011,265,1.529358695
2011,266,1.923980286
2011,267,1.560965217
2011,268,1.229182022
2011,269,1.103528022
2011,270,1.44760799
2011,271,1.19776221
2011,272,1.232269462
2011,273,1.076863779
2011,274,1.097560177
2011,275,1.693773908
2011,276,1.411749475
2011,277,1.123640079
2011,278,1.217677623
2011,279,0.700527188
2011,280,0.604488188
2011,281,0.578389644
2011,282,0.522334112
2011,283,0.524372125
2011,284,0.490326083
2011,285,0.433375936
2011,286,0.504548048
2011,287,0.671239444
2011,288,1.410680565
2011,289,1.170467646
2011,290,1.125171425
2011,291,0.037574263
2011,292,0.069777879
2011,293,0.088974646
2011,294,0.0791172
2011,295,0.119752348
2011,296,0.069247341
2011,297,0.163421282
2011,298,0.982452043
2011,299,0.147539677
2011,300,0.032770598
2011,301,0.085556291
2011,302,0.114830224
2011,303,0.223646123
2011,304,0.258140983
2011,305,0.143363152
2011,306,0.207294147
2011,307,0.273878347
2011,308,0.444442668
2011,309,0.288124753
2011,310,0.367289423
2011,311,0.299857147
2011,312,0.161119432
2011,313,0.256386552
2011,314,0.293840707
2011,315,0.265810616
2011,316,0.173956282
2011,317,0.198202487
2011,318,0.287271119
2011,319,0.076317105
2011,320,0.102538247
2011,321,0.033229693
2011,322,0.014290512
2011,323,0.009493678
2011,324,0.018987357
2011,325,0
2011,326,0.069116638
2011,327,0.322769834
2011,328,0.328309594
2011,329,0.262382087
2011,330,0.179353642
2011,331,0.168469812
2011,332,0.179131068
2011,333,0.242588021
2011,334,0.628975201
2011,335,0.372699947
2011,336,0.674350948
2011,337,0.894575532
2011,338,1.495770384
2011,339,0.826337695
2011,340,0.440645097
2011,341,0.532209666
2011,342,0.01625799
2011,343,0
2011,344,0
2011,345,0
2011,346,0
2011,347,0
2011,348,0.107295124
2011,349,0.130368261
2011,350,0.121001943
2011,351,0.088774125
2011,352,0.383737624
2011,353,0.24575061
2011,354,0.240020628
2011,355,0.231401466
2011,356,0.151606554
2011,357,0.151151096
2011,358,0.042158833
2011,359,0.077957681
2011,360,0.057029161
2011,361,0.066094971
2011,362,0.063627441
2011,363,0.045574676
2011,364,0.029984315
2011,365,0.026533086
2012,1,0.092477645
2012,2,0.120819141
2012,3,0.093759237
2012,4,0.136170101
2012,5,0.204925998
2012,6,0.191167965
2012,7,0.163416504
2012,8,0.198278663
2012,9,0.142312714
2012,10,0.632595079
2012,11,0.676012736
2012,12,0.289836231
2012,13,0.140567341
2012,14,0.140429558
2012,15,0.177054968
2012,16,0.123678481
2012,17,0.118362076
2012,18,0.204680621
2012,19,0.215662178
2012,20,0.300547418
2012,21,0.310863936
2012,22,0.319597678
2012,23,0.283463767
2012,24,0.191500791
2012,25,0.177356789
2012,26,0.252285165
2012,27,0.246604762
2012,28,0.242604193
2012,29,0.192369308
2012,30,0.119520211
2012,31,0.119980441
2012,32,0.16033642
2012,33,0.313409636
2012,34,0.290533704
2012,35,0.322818209
2012,36,0.066774386
2012,37,0.194458654
2012,38,0.242874228
2012,39,0.091990069
2012,40,0.080643985
2012,41,0.059527921
2012,42,0.065480843
2012,43,0.042854968
2012,44,0.04052616
2012,45,0.065850566
2012,46,0.169011296
2012,47,0.064456724
2012,48,0.055664968
2012,49,0.501007818
2012,50,1.000656016
2012,51,0.395131123
2012,52,0.298666661
2012,53,0.198225916
2012,54,0.035556716
2012,55,0.008105575
2012,56,0.041400508
2012,57,0.058530643
2012,58,0.039794802
2012,59,0.070935331
2012,60,0.069964056
2012,61,0.072061021
2012,62,0.049994991
2012,63,0.090801697
2012,64,0.077589531
2012,65,0.088334613
2012,66,0.0476493
2012,67,0.01509332
2012,68,0.115154503
2012,69,0.037326135
2012,70,0.080924099
2012,71,0.094925038
2012,72,0.081107311
2012,73,0.093950211
2012,74,0.037352148
2012,75,0.174830226
2012,76,0.120281829
2012,77,0.142981222
2012,78,0.188684635
2012,79,0.147215193
2012,80,0.44504067
2012,81,0.429246434
2012,82,0.31024316
2012,83,0.564060538
2012,84,0.790811856
2012,85,0.821196202
2012,86,0.708786569
2012,87,0.908384862
2012,88,1.259542177
2012,89,0.845652467
2012,90,0.928155773
2012,91,0.902576502
2012,92,0.860677925
2012,93,0.644061589
2012,94,0.655997664
2012,95,0.782424852
2012,96,1.534771788
2012,97,1.598098414
2012,98,1.391031547
2012,99,1.530584486
2012,100,1.457462969
2012,101,1.477482997
2012,102,1.713528484
2012,103,1.615303557
2012,104,1.822038986
2012,105,1.988830528
2012,106,2.244397673
2012,107,2.234548025
2012,108,2.147594568
2012,109,2.051101521
2012,110,2.187220623
2012,111,1.970764566
2012,112,1.84275331
2012,113,2.060318278
2012,114,2.130061635
2012,115,2.169431684
2012,116,2.20247527
2012,117,2.149874412
2012,118,2.147432185
2012,119,2.154903435
2012,120,2.205480785
2012,121,1.821715152
2012,122,1.088469052
2012,123,1.105675764
2012,124,1.415291507
2012,125,1.958654206
2012,126,1.932624616
2012,127,2.415336925
2012,128,2.300452944
2012,129,2.037960275
2012,130,2.076710676
2012,131,2.465460091
2012,132,2.602258348
2012,133,2.419408314
2012,134,2.377791659
2012,135,2.055866468
2012,136,1.902485749
2012,137,2.28345488
2012,138,2.969144229
2012,139,3.108135642
2012,140,3.165609984
2012,141,3.098513763
2012,142,3.792665199
2012,143,3.923402571
2012,144,2.811457009
2012,145,2.802590095
2012,146,2.074131393
2012,147,2.256367112
2012,148,2.490946831
2012,149,2.643538721
2012,150,2.411195376
2012,151,2.743160108
2012,152,2.725220574
2012,153,2.193635887
2012,154,2.457058306
2012,155,2.756712557
2012,156,3.317552114
2012,157,3.224704588
2012,158,2.721577633
2012,159,4.804920748
2012,160,5.249715316
2012,161,3.831869671
2012,162,4.401159505
2012,163,4.981061285
2012,164,2.950241184
2012,165,2.683183611
2012,166,2.812961074
2012,167,3.651612037
2012,168,3.993725107
2012,169,3.992206731
2012,170,4.61473053
2012,171,5.438721668
2012,172,5.748970184
2012,173,4.886977157
2012,174,5.092896695
2012,175,5.197823205
2012,176,4.859931819
2012,177,3.75420568
2012,178,2.9538447
2012,179,1.515143814
2012,180,2.02046389
2012,181,2.154629526
2012,182,2.642849388
2012,183,2.831799399
2012,184,2.665981564
2012,185,2.120465134
2012,186,1.93109498
2012,187,3.290324501
2012,188,3.66362514
2012,189,4.007212537
2012,190,2.944804944
2012,191,3.147216425
2012,192,2.694878862
2012,193,3.391697241
2012,194,2.424679095
2012,195,2.337819464
2012,196,2.124771876
2012,197,2.126770177
2012,198,1.56417111
2012,199,1.653712012
2012,200,1.384835238
2012,201,1.710624488
2012,202,1.673323981
2012,203,1.782267943
2012,204,2.526093219
2012,205,2.042154005
2012,206,2.124488734
2012,207,2.012702265
2012,208,2.661585104
2012,209,2.305906527
2012,210,2.337817528
2012,211,2.495547204
2012,212,1.719398032
2012,213,1.639743924
2012,214,1.791635424
2012,215,1.53193918
2012,216,1.313627935
2012,217,1.327341068
2012,218,1.549356553
2012,219,1.794358829
2012,220,1.513970242
2012,221,1.509535645
2012,222,1.461522856
2012,223,1.61761756
2012,224,1.824904706
2012,225,1.837020164
2012,226,1.710673751
2012,227,1.631678078
2012,228,1.68247125
2012,229,0.995107769
2012,230,0.846024906
2012,231,0.802412944
2012,232,1.847486385
2012,233,1.568528914
2012,234,1.328562987
2012,235,1.509501274
2012,236,1.687397478
2012,237,1.383051829
2012,238,1.434070544
2012,239,1.233633726
2012,240,1.243910827
2012,241,1.183460692
2012,242,1.427574188
2012,243,2.008911102
2012,244,2.497656484
2012,245,2.02572728
2012,246,2.306054841
2012,247,2.479506091
2012,248,2.524386338
2012,249,2.19786105
2012,250,1.733619514
2012,251,2.224017497
2012,252,1.50034305
2012,253,1.423053633
2012,254,1.486391973
2012,255,1.546278751
2012,256,2.529745716
2012,257,2.211721703
2012,258,2.164980004
2012,259,2.71314895
2012,260,2.408412502
2012,261,2.401140567
2012,262,2.439326379
2012,263,2.130943237
2012,264,1.741535965
2012,265,2.028807696
2012,266,2.832058699
2012,267,2.087959586
2012,268,1.329832959
2012,269,1.934557885
2012,270,1.833591919
2012,271,1.834870029
2012,272,1.193237472
2012,273,1.702493544
2012,274,2.967755326
2012,275,1.246609985
2012,276,1.600716582
2012,277,2.66524579
2012,278,1.834135243
2012,279,0.60553761
2012,280,0.638921592
2012,281,0.617956337
2012,282,0.56478304
2012,283,0.46571151
2012,284,0.4674234
2012,285,0.343462488
2012,286,0.306071659
2012,287,0.359998336
2012,288,0.769908201
2012,289,0.773159961
2012,290,0.60193117
2012,291,0.163834981
2012,292,0.050903106
2012,293,0.178637802
2012,294,0.148573202
2012,295,0.107416261
2012,296,0.037993857
2012,297,0.17488392
2012,298,0.213013731
2012,299,0.103159432
2012,300,0.111837616
2012,301,0.151439169
2012,302,0.192246437
2012,303,0.176637269
2012,304,0.119285544
2012,305,0.354993783
2012,306,0.120453844
2012,307,0.20584129
2012,308,0.18136366
2012,309,0.097660747
2012,310,0.054461229
2012,311,0.036269398
2012,312,0.043138951
2012,313,0.076255961
2012,314,0.008221005
2012,315,0.974851909
2012,316,0.008762334
2012,317,0.037787647
2012,318,0.016694634
2012,319,0.005564878
2012,320,0.016694634
2012,321,0.08789504
2012,322,0.191680867
2012,323,0.144344553
2012,324,0.102192251
2012,325,0.176419396
2012,326,0.133991936
2012,327,0.139013304
2012,328,0.113914648
2012,329,0.12414391
2012,330,0.117237968
2012,331,0.159284933
2012,332,0.100894292
2012,333,0.01525459
2012,334,0.012937625
2012,335,0.008862477
2012,336,0.008862477
2012,337,0.005107699
2012,338,0.075326084
2012,339,0.08301697
2012,340,0.12937228
2012,341,0.108962444
2012,342,1.567666855
2012,343,1.115857436
2012,344,0
2012,345,0
2012,346,0
2012,347,0
2012,348,0.24853728
2012,349,0.071827533
2012,350,0.029380798
2012,351,0.026151005
2012,352,0.034504591
2012,353,0.06234961
2012,354,0.047075115
2012,355,0.026151085
2012,356,0.031439739
2012,357,0.050976232
2012,358,0.047898273
2012,359,0.091866839
2012,360,0.187209621
2012,361,0.168761146
2012,362,0.163262923
2012,363,0.147728274
2012,364,0.218354637
2012,365,0.358004791
2012,366,0.358004791
2013,1,0.408040668
2013,2,0.166430582
2013,3,0.18306837
2013,4,0.195710824
2013,5,0.086079515
2013,6,0.048313922
2013,7,0.043207088
2013,8,0.044463727
2013,9,0.022904156
2013,10,0.169957628
2013,11,0.20400095
2013,12,0.25533026
2013,13,0.56475304
2013,14,0.662310983
2013,15,0.362867251
2013,16,0.169847629
2013,17,0.098147914
2013,18,0.001049427
2013,19,0.090766051
2013,20,0.324364842
2013,21,0.401413375
2013,22,0.169623809
2013,23,0.192363215
2013,24,0.082833287
2013,25,0.024622496
2013,26,0.0000516
2013,27,0.027591319
2013,28,0.037420413
2013,29,0.182517642
2013,30,0.32699382
2013,31,0.358403995
2013,32,0.27373466
2013,33,0.414456019
2013,34,0.175854216
2013,35,0.421774967
2013,36,0.081773233
2013,37,0.069758526
2013,38,0.101755283
2013,39,0.08857303
2013,40,0.267989129
2013,41,0.46414308
2013,42,0.460452213
2013,43,0.136151495
2013,44,0.13879732
2013,45,0.455951204
2013,46,0.293283172
2013,47,0.039281731
2013,48,0.011053119
2013,49,0.067411252
2013,50,0.091420839
2013,51,0.04322158
2013,52,0.053752373
2013,53,0.05043459
2013,54,0.082933372
2013,55,0.134409117
2013,56,0.157864412
2013,57,0.114189856
2013,58,0.20105906
2013,59,0.140176722
2013,60,0.246673616
2013,61,0.312463006
2013,62,0.156186223
2013,63,0.187546507
2013,64,0.787544627
2013,65,0.666774476
2013,66,1.341963353
2013,67,1.063242786
2013,68,1.187451432
2013,69,0.879641333
2013,70,0.83767205
2013,71,0.667561595
2013,72,0.687279566
2013,73,0.944738744
2013,74,0.901487121
2013,75,0.900221476
2013,76,0.444126019
2013,77,0.549059259
2013,78,0.477440969
2013,79,0.498406421
2013,80,0.744801012
2013,81,0.989036555
2013,82,0.55522066
2013,83,0.540084087
2013,84,0.748281017
2013,85,0.503688609
2013,86,0.27511972
2013,87,0.595178216
2013,88,0.336230393
2013,89,0.405845357
2013,90,0.322826781
2013,91,0.378538462
2013,92,0.399375427
2013,93,0.421375965
2013,94,0.441882048
2013,95,0.441472765
2013,96,0.194259328
2013,97,0.3264978
2013,98,0.179138413
2013,99,0.178114169
2013,100,0.259108729
2013,101,0.120990732
2013,102,0.255558379
2013,103,0.163087508
2013,104,0.198839602
2013,105,0.175339751
2013,106,0.22853917
2013,107,0.336653174
2013,108,0.174844378
2013,109,0.262229429
2013,110,0.21549739
2013,111,0.282742834
2013,112,0.220298331
2013,113,0.319885366
2013,114,0.383621345
2013,115,0.382078165
2013,116,0.385649141
2013,117,0.341575173
2013,118,0.312638771
2013,119,0.406472542
2013,120,0.352619437
2013,121,0.411392035
2013,122,0.259674878
2013,123,0.505713619
2013,124,0.69217016
2013,125,1.958277861
2013,126,0.717960937
2013,127,0.686748794
2013,128,0.829048927
2013,129,0.937712644
2013,130,0.944042315
2013,131,0.287667337
2013,132,0.020950096
2013,133,2.98602976
2013,134,3.769617973
2013,135,2.20202004
2013,136,2.395311928
2013,137,1.980230214
2013,138,3.00327305
2013,139,2.428042175
2013,140,4.711553659
2013,141,2.91228996
2013,142,3.104989456
2013,143,1.849207561
2013,144,1.892820497
2013,145,1.793622292
2013,146,1.723475196
2013,147,1.96812013
2013,148,2.099751178
2013,149,2.175007225
2013,150,2.150890166
2013,151,2.168514942
2013,152,1.96068682
2013,153,1.827353782
2013,154,1.891607552
2013,155,2.303567399
2013,156,1.94917323
2013,157,1.77828963
2013,158,1.714805398
2013,159,1.867206911
2013,160,1.782287492
2013,161,1.833788506
2013,162,1.772161598
2013,163,2.330773301
2013,164,2.521995578
2013,165,3.048553096
2013,166,2.922461296
2013,167,3.607442809
2013,168,3.429358164
2013,169,3.52414158
2013,170,3.832594414
2013,171,3.629499502
2013,172,2.771976955
2013,173,2.605890019
2013,174,3.886034003
2013,175,5.02136326
2013,176,4.493093148
2013,177,4.73790551
2013,178,3.930657037
2013,179,3.390489992
2013,180,3.305156128
2013,181,3.284772549
2013,182,3.041806387
2013,183,2.70452579
2013,184,2.769155387
2013,185,2.177052343
2013,186,2.401182036
2013,187,2.801482033
2013,188,2.410358416
2013,189,1.98374091
2013,190,4.690023052
2013,191,2.477162547
2013,192,3.384987331
2013,193,4.497032479
2013,194,3.381651125
2013,195,3.894390176
2013,196,4.332299243
2013,197,3.126219376
2013,198,3.002637333
2013,199,3.112788442
2013,200,2.645689693
2013,201,2.466980088
2013,202,2.950422503
2013,203,2.920841163
2013,204,3.574829774
2013,205,3.656168304
2013,206,3.41377071
2013,207,3.462489595
2013,208,3.840326273
2013,209,4.728217668
2013,210,4.350091555
2013,211,3.618854304
2013,212,3.488154024
2013,213,3.711102348
2013,214,4.391100675
2013,215,3.405765355
2013,216,3.358460795
2013,217,2.953096621
2013,218,3.763124783
2013,219,3.609842092
2013,220,3.923141223
2013,221,3.25226772
2013,222,2.493016413
2013,222,2.464708298
2013,223,3.136736043
2013,224,3.801544623
2013,225,3.581271151
2013,226,2.30759012
2013,227,2.080567348
2013,228,1.4162025
2013,229,1.535499579
2013,230,2.039627903
2013,231,2.673665047
2013,232,1.681711072
2013,233,1.738056117
2013,234,2.282704992
2013,235,2.292229316
2013,236,2.243452072
2013,237,2.092738014
2013,238,2.418652559
2013,239,1.749047336
2013,240,2.102419334
2013,241,2.32533997
2013,242,1.82828388
2013,243,3.468835811
2013,244,2.417879716
2013,245,2.260073079
2013,246,2.310442378
2013,247,2.120887923
2013,248,2.267757919
2013,249,2.231993256
2013,250,2.034719598
2013,251,2.085293862
2013,252,2.340030608
2013,253,2.665606841
2013,254,1.840640073
2013,255,1.919935061
2013,256,1.816997156
2013,257,2.012448026
2013,258,1.295023584
2013,259,1.624707504
2013,260,1.41062269
2013,261,1.114896305
2013,262,0.968787359
2013,263,0.169973049
2013,264,1.383070183
2013,265,6.066027135
2013,266,3.376174684
2013,267,4.081468977
2013,268,2.187894579
2013,269,2.431628335
2013,270,2.1510328
2013,271,2.365209038
2013,272,1.938247281
2013,273,2.213088775
2013,274,4.42372168
2013,275,3.712766001
2013,276,3.395479916
2013,277,3.207146916
2013,278,2.141680375
2013,279,0.617914988
2013,280,0.618317532
2013,281,0.79864928
2013,282,0.490364457
2013,283,0.746879628
2013,284,0.526866132
2013,285,0.601812442
2013,286,0.760811723
2013,287,0.49430612
2013,288,2.152828892
2013,289,2.172810769
2013,290,2.169685663
2013,291,0.466986051
2013,292,0.577413032
2013,293,0.326837061
2013,294,0.155279213
2013,295,0.191416811
2013,296,0.275436348
2013,297,0.394960055
2013,298,0.157485626
2013,299,0.464067746
2013,300,0.577628127
2013,301,0.403122039
2013,302,0.440788302
2013,303,0.37668317
2013,304,0.647194171
2013,305,0.5859962
2013,306,0.602237707
2013,307,0.246486599
2013,308,0.325666318
2013,309,0.363467504
2013,310,0.502165948
2013,311,0.581190442
2013,312,0.649213242
2013,313,0.471567556
2013,314,0.521179218
2013,315,0.212066304
2013,316,0.452921345
2013,317,0.498816179
2013,318,0.415722096
2013,319,0.630539774
2013,320,0.478837801
2013,321,0.770519781
2013,322,0.482457631
2013,323,0.554561942
2013,324,0.459674165
2013,325,0.495908197
2013,326,0.412775994
2013,327,1.248575279
2013,328,0.600826859
2013,329,0.779983328
2013,330,0.224820075
2013,331,0.106402425
2013,332,0.105587056
2013,333,0.108172233
2013,334,0.100725856
2013,335,0.10100717
2013,336,0.086641388
2013,337,0.553544804
2013,338,0.574613775
2013,339,0.964938092
2013,340,0.646843484
2013,341,0.958618809
2013,342,1.056771885
2013,343,0.676903156
2013,344,0.653257259
2013,345,0.183953609
2013,346,0.117004771
2013,347,0.038355608
2013,348,0.448377874
2013,349,0.394425654
2013,350,0.061199116
2013,351,0.303358484
2013,352,0.370805739
2013,353,0.420426991
2013,354,0.41542454
2013,355,0.472124656
2013,356,0.435766543
2013,357,0.236550055
2013,358,0.12395178
2013,359,0.023127826
2013,360,0.509038097
2013,361,0.511702712
2013,362,0.203548968
2013,363,0.31296812
2013,364,0.529021724
2013,365,0.284292882
2014,1,0.555444265
2014,2,0.571885122
2014,3,0.651836734
2014,4,0.428062501
2014,5,0.405010053
2014,6,0.551974109
2014,7,0.524865549
2014,8,0.360467126
2014,9,0.426023863
2014,10,0.430762472
2014,11,0.401334931
2014,12,0.654646855
2014,13,0.771777758
2014,14,0.766941526
2014,15,0.501382868
2014,16,0.331866358
2014,17,0.468042411
2014,18,0.757507504
2014,19,0.689619907
2014,20,0.835893042
2014,21,0.835893042
2014,22,0.80559834
2014,23,0.780311143
2014,24,0.780311143
2014,25,0.844652989
2014,26,1.081530535
2014,27,0.993970086
2014,28,0.985944839
2014,29,1.192192179
2014,30,1.290999762
2014,31,1.343885859
2014,32,1.084907604
2014,33,1.383917517
2014,34,1.213060634
2014,35,1.016462994
2014,36,1.056576812
2014,37,1.111810766
2014,38,1.005672615
2014,39,0.808183279
2014,40,0.953536683
2014,41,0.91967919
2014,42,0.965737198
2014,43,0.984525114
2014,44,0.936677472
2014,45,0.7504101
2014,46,0.897895389
2014,47,0.940664685
2014,48,0.855517808
2014,49,0.744689695
2014,50,0.809970538
2014,51,0.857104905
2014,52,0.825945248
2014,53,0.87040787
2014,54,0.868044715
2014,55,0.861633517
2014,56,0.839373047
2014,57,0.763814899
2014,58,0.763814899
2014,59,0.715111076
2014,60,0.715111076
2014,61,0.715111076
2014,62,0.837716197
2014,63,0.438335197
2014,64,0.50454698
2014,65,0.84324821
2014,66,1.094191671
2014,67,0.797801384
2014,68,1.075751678
2014,69,0.7107708
2014,70,0.701095678
2014,71,0.701095678
2014,72,0.701095678
2014,73,1.175250118
2014,74,0.664414783
2014,75,0.811124219
2014,76,0.833128549
2014,77,0.950833019
2014,78,0.959831841
2014,79,0.728559785
2014,80,0.931428997
2014,81,0.828809793
2014,82,1.062630741
2014,83,1.106041218
2014,84,1.190961739
2014,85,0.705112805
2014,86,0.524877471
2014,87,0.643926388
2014,88,0.427754945
2014,89,0.419099554
2014,90,0.353016948
2014,91,0.366236891
2014,92,0.354680408
2014,93,0.344762827
2014,94,0.466992012
2014,95,0.481328076
2014,96,0.779855614
2014,97,0.657004712
2014,98,0.371948859
2014,99,0.405699678
2014,100,0.377944689
2014,101,0.371345841
2014,102,0.554161234
2014,103,0.702891033
2014,104,0.701054772
2014,105,0.949900437
2014,106,0.976818416
2014,107,0.891819689
2014,108,0.821824526
2014,109,1.06997213
2014,110,0.92474974
2014,111,1.256026861
2014,112,0.372671313
2014,113,1.683052915
2014,114,1.836964843
2014,115,1.982511852
2014,116,2.278443829
2014,117,2.368017366
2014,118,2.190347598
2014,119,2.127115026
2014,120,2.140177518
2014,121,2.172254922
2014,122,2.303408999
2014,123,2.183179209
2014,124,1.777028132
2014,125,1.578673924
2014,126,1.835854704
2014,127,1.981818555
2014,128,2.364840295
2014,129,2.932399978
2014,130,3.848422383
2014,131,4.658966458
2014,132,5.489909877
2014,133,5.079631415
2014,134,4.49273285
2014,135,4.180492195
2014,136,3.929510052
2014,137,3.021664663
2014,138,2.260644887
2014,139,1.832809381
2014,140,1.89958619
2014,141,1.924095642
2014,142,1.900085105
2014,143,1.924868852
2014,144,2.056197873
2014,145,2.040316837
2014,146,2.160339286
2014,147,2.361028241
2014,148,2.577539918
2014,149,2.801636826
2014,150,3.415554535
2014,151,3.41638174
2014,152,3.634783245
2014,153,3.547375991
2014,154,3.872996629
2014,155,4.070117589
2014,156,4.020329796
2014,157,4.181094781
2014,158,4.362086327
2014,159,4.113330941
2014,160,3.310093482
2014,161,2.987790303
2014,162,2.728030717
2014,163,2.690393979
2014,164,2.8153451
2014,165,3.314108557
2014,166,3.612571824
2014,167,3.835601789
2014,168,4.076078647
2014,169,3.800621609
2014,170,4.060972981
2014,171,4.581988896
2014,172,4.625396629
2014,173,5.051463256
2014,174,5.236556269
2014,175,5.279927287
2014,176,4.890970406
2014,177,4.33971724
2014,178,3.710352615
2014,179,3.487393924
2014,180,3.333259536
2014,181,3.641316651
2014,182,3.99904709
2014,183,4.696873172
2014,184,5.465391786
2014,185,6.280279226
2014,186,7.243657486
2014,187,8.102008814
2014,188,7.947101216
2014,189,8.508669605
2014,190,8.350334399
2014,191,7.965604254
2014,192,7.255741587
2014,193,6.944591634
2014,194,6.208474393
2014,195,4.723823202
2014,196,3.50305682
2014,197,4.157552921
2014,198,4.858143551
2014,199,5.20003399
2014,200,4.981617366
2014,201,4.745693373
2014,202,4.746710641
2014,203,5.185129185
2014,204,5.128799346
2014,205,4.798520011
2014,206,4.728734595
2014,207,4.770582951
2014,208,4.952267794
2014,209,5.012007963
2014,210,5.228145994
2014,211,5.150248356
2014,212,4.741419122
2014,213,4.113635473
2014,214,3.964684614
2014,215,4.018448607
2014,216,3.710115037
2014,217,3.47489946
2014,218,3.374110063
2014,219,3.318765094
2014,220,3.176788241
2014,221,3.088938227
2014,222,3.061504401
2014,223,3.239213046
2014,224,3.591878746
2014,225,4.843513041
2014,226,6.098166741
2014,227,5.919568257
2014,228,5.850065776
2014,229,5.924123283
2014,230,5.994472408
2014,231,6.068246981
2014,232,5.917164396
2014,233,5.844258064
2014,234,5.541676051
2014,235,5.804068437
2014,236,6.00226498
2014,237,5.950401614
2014,238,5.956308677
2014,239,5.931183682
2014,240,5.177124952
2014,241,4.556298031
2014,242,3.799852719
2014,243,3.741807996
2014,244,3.701585972
2014,245,3.986857158
2014,246,3.702614039
2014,247,3.260191219
2014,248,3.114665809
2014,249,3.208783572
2014,250,3.531240098
2014,251,3.430599727
2014,252,3.243297235
2014,253,3.082836782
2014,254,2.786284941
2014,255,2.792582929
2014,256,2.958203152
2014,257,2.974602542
2014,258,2.714633455
2014,259,2.60435604
2014,260,2.645431186
2014,261,2.450100704
2014,262,2.059811224
2014,263,1.606585067
2014,264,1.190725672
2014,265,1.155318931
2014,266,1.144407603
2014,267,1.163179536
2014,268,1.253901009
2014,269,1.479463127
2014,270,1.423176484
2014,271,1.432728216
2014,272,1.797757928
2014,273,1.982015097
2014,274,2.271076739
2014,275,2.651835004
2014,276,2.975317437
2014,277,3.138920404
2014,278,1.183684712
2014,279,0.796374466
2014,280,0.678321681
2014,281,0.597006576
2014,282,0.609567649
2014,283,0.632144508
2014,284,0.568331598
2014,285,0.393378841
2014,286,0.514843311
2014,287,0.587892922
2014,288,0.566740794
2014,289,0.478465407
2014,290,0.453973903
2014,291,0.485208788
2014,292,0.65665828
2014,293,0.752263716
2014,294,0.522110611
2014,295,0.533650553
2014,296,0.638609017
2014,297,0.623695335
2014,298,0.667678678
2014,299,0.681797962
2014,300,0.665765515
2014,301,0.69709434
2014,302,0.606160991
2014,303,0.542658163
2014,304,0.523010386
2014,305,0.617285729
2014,306,0.425848443
2014,307,0.586775241
2014,308,0.580486541
2014,309,0.78565508
2014,310,0.723466838
2014,311,0.825773282
2014,312,0.912877213
2014,313,1.031667364
2014,314,0.883745349
2014,315,0.875882238
2014,316,0.929229605
2014,317,1.109713813
2014,318,0.587741299
2014,319,0.393962355
2014,320,0.660618107
2014,321,0.889336066
2014,322,0.682988662
2014,323,1.419813886
2014,324,0.849568919
2014,325,0.482847303
2014,326,2.189045106
2014,327,0.217296895
2014,328,0.25545879
2014,329,0.292335256
2014,330,1.732768485
2014,331,2.101967892
2014,332,2.856411567
2014,333,0.234153299
2014,334,0.1011184
2014,335,0.328752137
2014,336,0.269746302
2014,337,0.407011111
2014,338,3.762707422
2014,339,1.083002657
2014,340,3.014895083
2014,341,0.31326479
2014,342,0.280663634
2014,343,0.353726379
2014,344,0.263808626
2014,345,0.278810998
2014,346,0.296133444
2014,347,3.181503956
2014,348,0.772955931
2014,349,0.331732019
2014,350,0.634800851
2014,351,0.453640408
2014,352,1.221498015
2014,353,3.686631924
2014,354,3.887826057
2014,355,2.33705982
2014,356,2.897945278
2014,357,1.776487101
2014,358,0.848161158
2014,359,0.651639933
2014,360,0.535049304
2014,361,1.79414328
2014,362,0.745354073
2014,363,0.494352491
2014,364,0.586392524
2014,365,0.586392524
2015,1,0.624060795
2015,2,0.657837597
2015,3,0.62262431
2015,4,0.306734667
2015,5,0.417384086
2015,6,0.507004621
2015,7,0.686509855
2015,8,0.542678746
2015,9,0.369490354
2015,10,0.353508887
2015,11,0.36579277
2015,12,0.456538217
2015,13,0.485388874
2015,14,0.491445179
2015,15,0.467394254
2015,16,0.362940274
2015,17,0.242115048
2015,18,0.187994947
2015,19,0.213734083
2015,20,0.079698226
2015,21,0.121153409
2015,22,0.193970195
2015,23,0.114309487
2015,24,0.052333757
2015,25,0.091733621
2015,26,0.238411697
2015,27,0.240221699
2015,28,0.233779955
2015,29,0.229409506
2015,30,0.257884012
2015,31,0.276475084
2015,32,0.537732406
2015,33,0.425185405
2015,34,0.540901784
2015,35,0.374287602
2015,36,0.505992818
2015,37,0.474254438
2015,38,0.372117582
2015,39,0.281433323
2015,40,0.356669976
2015,41,0.325221506
2015,42,0.326115017
2015,43,0.316962072
2015,44,0.308560565
2015,45,0.293074773
2015,46,0.296216726
2015,47,0.296216726
2015,48,0.296216726
2015,49,0.17588739
2015,50,0.317682064
2015,51,0.773201393
2015,52,0.773201393
2015,53,0.773201393
2015,54,0.773201393
2015,55,0.773201393
2015,56,0.549639069
2015,57,0.75631135
2015,58,0.661257582
2015,59,0.657403529
2015,60,0.809727021
2015,61,0.538073504
2015,62,0.387581971
2015,63,0.387581971
2015,64,0.387581971
2015,65,0.387581971
2015,66,0.934756974
2015,67,0.375724627
2015,68,0.350214538
2015,69,0.317255719
2015,70,0.34245134
2015,71,0.381754669
2015,72,0.344384429
2015,73,0.419592853
2015,74,0.440034984
2015,75,0.425299033
2015,76,0.425299033
2015,77,0.802721913
2015,78,0.714993065
2015,79,0.934639913
2015,80,0.524482724
2015,81,0.544964401
2015,82,0.658838774
2015,83,0.614982493
2015,84,0.552734683
2015,85,0.677394339
2015,86,0.399124994
2015,87,0.35039877
2015,88,0.329234422
2015,89,0.453023352
2015,90,0.231640043
2015,91,0.33431145
2015,92,0.393832594
2015,93,0.365735535
2015,94,0.383549445
2015,95,0.274360938
2015,96,0.464689272
2015,97,0.936192812
2015,98,0.561378844
2015,99,0.802351939
2015,100,0.556161687
2015,101,0.577893696
2015,102,0.268843376
2015,103,0.418411743
2015,104,0.407500955
2015,105,0.431544321
2015,106,0.577880154
2015,107,0.501020906
2015,108,0.877307925
2015,109,0.919527551
2015,110,1.106744731
2015,111,1.005911706
2015,112,1.007622486
2015,113,1.098458212
2015,114,1.237803344
2015,115,1.285599151
2015,116,1.403270438
2015,117,1.433202509
2015,118,1.356550861
2015,119,1.375940931
2015,120,1.439217562
2015,121,1.455742652
2015,122,1.553909616
2015,123,1.645517688
2015,124,1.654485192
2015,125,1.631535119
2015,126,1.395832722
2015,127,1.020376991
2015,128,0.556889606
2015,129,0.402043347
2015,130,0.628305673
2015,131,0.83601939
2015,132,1.107133928
2015,133,1.408965192
2015,134,1.934492937
2015,135,2.491193128
2015,136,2.971228928
2015,137,3.24961898
2015,138,3.355600545
2015,139,3.548069288
2015,140,3.637886883
2015,141,3.762606905
2015,142,3.401740431
2015,143,3.210580529
2015,144,2.617833215
2015,145,2.283463212
2015,146,2.341628885
2015,147,2.382941609
2015,148,2.255068274
2015,149,2.40767784
2015,150,2.823450843
2015,151,3.141393379
2015,152,3.030876226
2015,153,3.459443905
2015,154,3.278797928
2015,155,3.782755713
2015,156,3.976632648
2015,157,3.801656155
2015,158,3.445333908
2015,159,3.157032517
2015,160,2.870944925
2015,161,2.584034448
2015,162,2.725171137
2015,163,3.041333995
2015,164,3.324920535
2015,165,3.623321167
2015,166,3.917721844
2015,167,3.939198931
2015,168,3.846487199
2015,169,3.85121501
2015,170,3.476530112
2015,171,3.264927668
2015,172,2.938836193
2015,173,3.316322356
2015,174,6.013886883
2015,175,6.061292413
2015,176,6.091076106
2015,177,5.624467805
2015,178,5.37658066
2015,179,5.337349986
2015,180,5.412601865
2015,181,5.409439913
2015,182,5.01622174
2015,183,5.027176264
2015,184,5.188550314
2015,185,5.537447156
2015,186,5.744691115
2015,187,5.570053712
2015,188,5.216513292
2015,189,5.243208465
2015,190,5.155691061
2015,191,5.678352746
2015,192,5.961466289
2015,193,6.353989005
2015,194,6.104466889
2015,195,4.607701358
2015,196,3.971833564
2015,197,4.38184637
2015,198,4.526954939
2015,199,4.574835626
2015,200,4.887931563
2015,201,5.538371552
2015,202,5.617063998
2015,203,5.588956313
2015,204,5.436815424
2015,205,5.150926534
2015,206,4.737661064
2015,207,4.136272375
2015,208,3.690318277
2015,209,3.339218435
2015,210,2.958097322
2015,211,2.781367068
2015,212,2.57092444
2015,213,2.589453395
2015,214,2.796334508
2015,215,3.07747399
2015,216,3.197347412
2015,217,3.277458849
2015,218,3.292892806
2015,219,3.152868416
2015,220,3.175853046
2015,221,3.176667292
2015,222,2.825779111
2015,223,2.71622523
2015,224,2.678322836
2015,225,2.72162258
2015,226,2.601405749
2015,227,2.618094551
2015,228,2.549488388
2015,229,2.541248737
2015,230,2.387429681
2015,231,2.243491726
2015,232,2.213513652
2015,233,2.188811977
2015,234,2.199723305
2015,235,2.501488912
2015,236,2.769611257
2015,237,3.098236182
2015,238,3.563799138
2015,239,3.584369108
2015,240,3.573976133
2015,241,3.817150586
2015,242,3.973166163
2015,243,3.888486741
2015,244,3.984565607
2015,245,4.03579399
2015,246,4.775107739
2015,247,4.614211006
2015,248,4.080350739
2015,249,3.760365029
2015,250,3.555872659
2015,251,3.044511066
2015,252,2.582274208
2015,253,2.145132108
2015,254,1.648858904
2015,255,1.376876989
2015,256,1.32450607
2015,257,1.327238222
2015,258,1.043513023
2015,259,0.819145708
2015,260,0.550265272
2015,261,0.300997581
2015,262,0.191201154
2015,263,0.221462595
2015,264,0.238582495
2015,265,0.380750706
2015,266,0.629163547
2015,267,0.816337532
2015,268,1.102430739
2015,269,1.220347595
2015,270,1.35508889
2015,271,1.414630357
2015,272,1.210563469
2015,273,1.187317502
2015,274,1.179082171
2015,275,1.251228252
2015,276,1.306707128
2015,277,1.304404778
2015,278,1.250794563
2015,279,0.241029984
2015,280,-0.046429796
2015,281,0.087094687
2015,282,0.260573616
2015,283,0.27559235
2015,284,0.214536018
2015,285,0.33520049
2015,286,0.549144269
2015,287,0.654818559
2015,288,0.191673287
2015,289,0.181226727
2015,290,0.443628206
2015,291,0.256485539
2015,292,0.766065164
2015,293,0.73513129
2015,294,0.786839754
2015,295,1.083197212
2015,296,0.719870031
2015,297,0.464720827
2015,298,0.397312102
2015,299,0.588253842
2015,300,0.688936545
2015,301,0.369728127
2015,302,0.595647498
2015,303,0.600270342
2015,304,0.320425015
2015,305,0.426329043
2015,306,0.597426745
2015,307,0.511951219
2015,308,0.572074753
2015,309,0.424790183
2015,310,0.53420778
2015,311,0.56769208
2015,312,0.60038006
2015,313,0.635357216
2015,314,0.449983644
2015,315,0.425069445
2015,316,0.205759591
2015,317,0.311382781
2015,318,0.35785614
2015,319,0.810734137
2015,320,0.709175418
2015,321,0.140763238
2015,322,0.091404856
2015,323,0.222786317
2015,324,0.473761225
2015,325,0.514620996
2015,326,0.46754328
2015,327,0.459848548
2015,328,0.86776926
2015,329,0.839090847
2015,330,0.510360524
2015,331,0.586752822
2015,332,0.557050295
2015,333,0.335286645
2015,334,0.205387608
2015,335,0.163990868
2015,336,0.192644767
2015,337,0.156419719
2015,338,0.070490117
2015,339,0.306755531
2015,340,0.262530074
2015,341,0.377460245
2015,342,0.234278222
2015,343,0.329495758
2015,344,0.414204769
2015,345,0.459951959
2015,346,0.559355259
2015,347,0.735234831
2015,348,0.610912127
2015,349,0.518035883
2015,350,0.60017855
2015,351,0.653515118
2015,352,0.882081739
2015,353,0.677472524
2015,354,0.613964793
2015,355,0.533381201
2015,356,0.632271289
2015,357,0.656697372
2015,358,0.56995685
2015,359,0.590485481
2015,360,0.519110515
2015,361,0.784684529
2015,362,0.650367377
2015,363,0.726064002
2015,364,0.726064002
2015,365,0.726064002
2016,1,0.745636359
2016,2,0.84482599
2016,3,0.84482599
2016,4,0.809211691
2016,5,0.884449748
2016,6,0.631107587
2016,7,0.384013327
2016,8,0.468105909
2016,9,0.608804806
2016,10,0.690743437
2016,11,0.746041538
2016,12,0.536350305
2016,13,0.308333354
2016,14,0.30164077
2016,15,0.246960589
2016,16,0.67366803
2016,17,0.479708158
2016,18,0.612593815
2016,19,0.350291427
2016,20,0.409529421
2016,21,0.248983094
2016,22,0.386013932
2016,23,0.29581254
2016,24,0.395660695
2016,25,0.544148125
2016,26,0.526146745
2016,27,0.834566706
2016,28,0.756636239
2016,29,0.543363403
2016,30,0.362492374
2016,31,0.820285653
2016,32,0.590630058
2016,33,0.888207806
2016,34,0.998404833
2016,35,0.621753909
2016,36,0.682462534
2016,37,0.730060935
2016,38,0.58148843
2016,39,0.386687207
2016,40,0.396870876
2016,41,0.615971683
2016,42,0.461431468
2016,43,0.488535557
2016,44,0.567276361
2016,45,0.531729405
2016,46,0.485991459
2016,47,0.695403214
2016,48,0.680578321
2016,49,0.508655359
2016,50,0.702014373
2016,51,0.648396253
2016,52,0.598036457
2016,53,0.984229221
2016,54,0.922674169
2016,55,0.664833569
2016,56,0.597776849
2016,57,0.84770112
2016,58,0.756525441
2016,59,0.865650169
2016,60,0.883622543
2016,61,0.538012058
2016,62,0.495161553
2016,63,0.317364054
2016,64,0.727725971
2016,65,0.632721176
2016,66,0.350073071
2016,67,0.31435277
2016,68,0.093156651
2016,69,0.127423988
2016,70,0.213402229
2016,71,0.110325686
2016,72,0.125857115
2016,73,0.083972518
2016,74,0.126519004
2016,75,0.187840564
2016,76,0.206387814
2016,77,0.103800164
2016,78,0.237461211
2016,79,0.21592853
2016,80,0.21592853
2016,81,0.169899939
2016,82,0.147635971
2016,83,0.013654063
2016,84,0.103388935
2016,85,0.383888901
2016,86,0.510627907
2016,87,0.361977261
2016,88,0.361977261
2016,89,0.361977261
2016,90,0.865303304
2016,91,0.581830025
2016,92,0.227418254
2016,93,0.111325373
2016,94,0.274379448
2016,95,0.758135812
2016,96,0.310695466
2016,97,0.327254573
2016,98,0.466828817
2016,99,0.864552988
2016,100,1.008055095
2016,101,1.213225643
2016,102,1.295781762
2016,103,1.278222342
2016,104,1.131335607
2016,105,1.04607779
2016,106,0.945367874
2016,107,0.946893559
2016,108,1.028371072
2016,109,1.063346284
2016,110,1.143231158
2016,111,1.225165037
2016,112,1.310373827
2016,113,1.352160196
2016,114,1.418857093
2016,115,1.421551664
2016,116,1.511646578
2016,117,1.563766959
2016,118,1.566239935
2016,119,1.538380627
2016,120,1.606531072
2016,121,1.636237011
2016,122,1.729235997
2016,123,1.676551906
2016,124,1.719506081
2016,125,1.675029245
2016,126,1.737687308
2016,127,1.856835037
2016,128,1.822124832
2016,129,1.874351045
2016,130,1.898879935
2016,131,1.915253406
2016,132,2.073009785
2016,133,2.198490057
2016,134,2.153540224
2016,135,2.157406272
2016,136,2.058569337
2016,137,2.00937333
2016,138,1.947177464
2016,139,2.155153597
2016,140,2.304748077
2016,141,2.40382691
2016,142,2.467692304
2016,143,2.412662667
2016,144,2.270357524
2016,145,2.201442509
2016,146,1.975466572
2016,147,1.697223387
2016,148,1.471554142
2016,149,1.236784781
2016,150,0.963239817
2016,151,0.682888879
2016,152,0.591284695
2016,153,0.553531327
2016,154,0.50972295
2016,155,0.493638028
2016,156,0.637719826
2016,157,0.849898505
2016,158,1.099094058
2016,159,1.377693395
2016,160,1.473137278
2016,161,1.552093221
2016,162,1.717806316
2016,163,1.813055817
2016,164,1.837163545
2016,165,1.946501445
2016,166,1.979863932
2016,167,2.175676051
2016,168,2.445528399
2016,169,2.674877949
2016,170,2.610032004
2016,171,2.526093395
2016,172,2.451599607
2016,173,2.781295795
2016,174,3.259584314
2016,175,3.626252021
2016,176,4.091648672
2016,177,4.470275211
2016,178,4.512993968
2016,179,4.816096493
2016,180,5.821759389
2016,181,6.750963076
2016,182,7.532548503
2016,183,7.681723982
2016,184,6.840195364
2016,185,6.262132555
2016,186,5.637020584
2016,187,5.002098784
2016,188,4.626580202
2016,189,4.950688977
2016,190,5.208863267
2016,191,5.540032441
2016,192,5.449266692
2016,193,5.377308514
2016,194,5.632681538
2016,195,5.856165061
2016,196,5.804634306
2016,197,5.65686054
2016,198,5.43906378
2016,199,5.025748634
2016,200,4.761831426
2016,201,4.656426529
2016,202,4.759874644
2016,203,4.979617388
2016,204,5.432012021
2016,205,5.853992299
2016,206,6.307339406
2016,207,6.857547227
2016,208,7.206269125
2016,209,6.547317349
2016,210,5.051165203
2016,211,3.907577246
2016,212,3.548762585
2016,213,3.364559411
2016,214,3.297981304
2016,215,3.13544528
2016,216,2.673947074
2016,217,2.734222874
2016,218,2.944533755
2016,219,3.136237928
2016,220,3.361144761
2016,221,3.756861827
2016,222,3.800539536
2016,223,3.933674153
2016,224,4.194325738
2016,225,4.552330472
2016,226,4.957140311
2016,227,5.060681298
2016,228,4.854055042
2016,229,4.492313848
2016,230,3.978466321
2016,231,3.514540496
2016,232,3.165952506
2016,233,2.593241691
2016,234,2.27710691
2016,235,2.403967298
2016,236,2.556263692
2016,237,2.6967654
2016,238,2.785233117
2016,239,3.00366054
2016,240,3.06933153
2016,241,3.274903802
2016,242,3.538294017
2016,243,3.670966436
2016,244,3.423582525
2016,245,3.21442282
2016,246,3.140777835
2016,247,2.972982689
2016,248,2.578667336
2016,249,2.210289065
2016,250,1.827170134
2016,251,1.589341194
2016,252,1.464850112
2016,253,1.408254617
2016,254,1.316205945
2016,255,1.238847178
2016,256,1.257152593
2016,257,1.039530345
2016,258,0.886479531
2016,259,0.855798872
2016,260,0.922797709
2016,261,1.208115547
2016,262,1.417001822
2016,263,1.681176046
2016,264,2.030498369
2016,265,2.117795473
2016,266,1.992230968
2016,267,1.695964221
2016,268,1.561214071
2016,269,1.48642655
2016,270,1.269314448
2016,271,1.259336155
2016,272,1.457910663
2016,273,1.755611519
2016,274,2.009276139
2016,275,3.115998407
2016,276,3.710467085
2016,277,3.599010417
2016,278,3.173449185
2016,279,2.946220562
2016,280,2.889419886
2016,281,2.624411977
2016,282,2.474374737
2016,283,2.24015483
2016,284,2.247657988
2016,285,2.028159302
2016,286,1.879659842
2016,287,1.66627988
2016,288,1.506162836
2016,289,1.49127531
2016,290,1.657012163
2016,291,1.979311023
2016,292,2.123655021
2016,293,1.764676215
2016,294,1.519796381
2016,295,1.695486905
2016,296,1.105074123
2016,297,0.87141814
2016,298,0.861913708
2016,299,0.96982333
2016,300,0.897518287
2016,301,0.673950316
2016,302,0.660434913
2016,303,0.998216541
2016,304,1.023768962
2016,305,0.957219364
2016,306,0.902578059
2016,307,0.975044872
2016,308,0.841525378
2016,309,1.097808975
2016,310,1.060361004
2016,311,0.980419543
2016,312,0.98914299
2016,313,0.896691083
2016,314,0.576551594
2016,315,0.621191496
2016,316,0.125484031
2016,317,0.485363021
2016,318,0.781472685
2016,319,0.719850031
2016,320,0.684317157
2016,321,0.742879586
2016,322,0.784110671
2016,323,0.23826882
2016,324,0.510167934
2016,325,0.796328031
2016,326,0.792320731
2016,327,0.734655485
2016,328,0.721711134
2016,329,0.771552275
2016,330,0.651537817
2016,331,0.735091118
2016,332,0.936576609
2016,333,0.908941057
2016,334,0.813274498
2016,335,0.799052407
2016,336,0.74014225
2016,337,0.72546876
2016,338,0.822695778
2016,339,0.938608984
2016,340,0.909213624
2016,341,0.814778801
2016,342,0.806239802
2016,343,0.801074631
2016,344,0.606710445
2016,345,0.871084019
2016,346,0.905520792
2016,347,0.215558253
2016,348,0.274397223
2016,349,0.403529724
2016,350,0.989140398
2016,351,1.058885426
2016,352,1.062698343
2016,353,0.83894614
2016,354,0.878821299
2016,355,0.867874766
2016,356,1.149370616
2016,357,0.771863071
2016,358,1.067939323
2016,359,1.103519064
2016,360,0.438441654
2016,361,0.902807647
2016,362,0.790731115
2016,363,0.937195824
2016,364,0.799119361
2016,365,0.704176552
2016,366,0.624792969
2017,1,1.225714707
2017,2,0.551495496
2017,3,0.494169556
2017,4,0.961232711
2017,5,0.50895218
2017,6,0.52117749
2017,7,0.570814594
2017,8,0.098908727
2017,9,0.311206541
2017,10,0.482385235
2017,11,0.711002179
2017,12,0.538986129
2017,13,0.569896656
2017,14,0.47982414
2017,15,0.322360933
2017,16,0.399169253
2017,17,0.420593684
2017,18,0.444072046
2017,19,0.592410601
2017,20,0.224361268
2017,21,0.260294698
2017,22,0.395434175
2017,23,0.340690884
2017,24,0.87031664
2017,25,0.714316506
2017,26,0.790841697
2017,27,0.460374784
2017,28,0.699724765
2017,29,0.834857999
2017,30,0.679465158
2017,31,0.672964452
2017,32,0.477272418
2017,33,0.697823706
2017,34,0.712018799
2017,35,0.653862133
2017,36,0.550427992
2017,37,0.305886577
2017,38,0.361553378
2017,39,0.361468195
2017,40,0.386622565
2017,41,0.389021227
2017,42,0.397268928
2017,43,0.330263568
2017,44,0.42370229
2017,45,0.320562248
2017,46,0.390943468
2017,47,0.385272039
2017,48,0.27356991
2017,49,0.339466491
2017,50,0.284034915
2017,51,0.413225946
2017,52,0.453626477
2017,53,0.460108804
2017,54,0.486345667
2017,55,0.844376751
2017,56,0.508230093
2017,57,0.583561237
2017,58,0.546494255
2017,59,0.474908211
2017,60,0.559111396
2017,61,0.566358401
2017,62,0.627057307
2017,63,0.526740475
2017,64,0.41457118
2017,65,0.387913911
2017,66,0.488836568
2017,67,0.619551989
2017,68,0.380735825
2017,69,0.186779582
2017,70,0.402205721
2017,71,0.379634811
2017,72,0.297361076
2017,73,0.269669629
2017,74,0.218672906
2017,75,0.337571141
2017,76,0.342271126
2017,77,0.357614371
2017,78,0.334201689
2017,79,0.366316458
2017,80,0.360141428
2017,81,0.281532393
2017,82,0.246104205
2017,83,0.223190805
2017,84,0.223190805
2017,85,0.162839045
2017,86,0.34544742
2017,87,0.34544742
2017,88,0.240505152
2017,89,0.540756412
2017,90,0.553408953
2017,91,0.396687748
2017,92,0.687172828
2017,93,0.77745329
2017,94,0.606153431
2017,95,0.602961457
2017,96,0.284832746
2017,97,0.636371765
2017,98,0.252983528
2017,99,0.778185572
2017,100,0.746504816
2017,101,1.038037705
2017,102,0.638569535
2017,103,0.576821872
2017,104,0.780111577
2017,105,0.671886191
2017,106,0.670007594
2017,107,0.916604766
2017,108,0.552293976
2017,109,0.639166246
2017,110,0.828679298
2017,111,0.617485316
2017,112,0.398737119
2017,113,0.397391324
2017,114,0.385793416
2017,115,2.35388793
2017,116,2.403312877
2017,117,2.284342253
2017,118,2.142903191
2017,119,2.005239466
2017,120,1.947235779
2017,121,1.866463442
2017,122,1.674335948
2017,123,1.588760207
2017,124,1.558855566
2017,125,1.517529883
2017,126,1.476398582
2017,127,1.316739416
2017,128,1.115210945
2017,129,0.870400657
2017,130,0.771486833
2017,131,0.961489728
2017,132,1.181727714
2017,133,1.399818424
2017,134,1.658288607
2017,135,1.852819962
2017,136,1.787144652
2017,137,1.574136177
2017,138,1.457465743
2017,139,1.385347739
2017,140,1.273649174
2017,141,1.160486261
2017,142,1.50178621
2017,143,1.99990907
2017,144,2.557989376
2017,145,3.20100396
2017,146,3.994893788
2017,147,4.064774235
2017,148,3.508074044
2017,149,3.484061347
2017,150,3.472506398
2017,151,3.42826282
2017,152,3.221856864
2017,153,3.072806654
2017,154,2.901013712
2017,155,2.855323065
2017,156,3.147108219
2017,157,3.459621009
2017,158,3.840837153
2017,159,4.110970275
2017,160,3.998083818
2017,161,4.325071612
2017,162,4.66741129
2017,163,5.19199736
2017,164,5.260432899
2017,165,5.142187968
2017,166,4.72834799
2017,167,4.41606198
2017,168,4.051204189
2017,169,3.637573712
2017,170,3.318363371
2017,171,3.124896799
2017,172,3.475182394
2017,173,3.81193898
2017,174,4.061985929
2017,175,4.49646715
2017,176,4.885238287
2017,177,5.176997524
2017,178,5.592608541
2017,179,5.531121091
2017,180,5.654618664
2017,181,5.558831372
2017,182,5.604411868
2017,183,5.884836455
2017,184,5.972332261
2017,185,6.056702831
2017,186,5.91525081
2017,187,5.779872157
2017,188,5.568770788
2017,189,5.231044451
2017,190,5.157548492
2017,191,5.06219964
2017,192,4.50702859
2017,193,4.010016733
2017,194,3.264515146
2017,195,3.269154404
2017,196,3.478301151
2017,197,3.608425001
2017,198,4.00476841
2017,199,4.128032724
2017,200,3.768349823
2017,201,3.456547608
2017,202,3.356887788
2017,203,2.885862689
2017,204,2.715827827
2017,205,2.567524909
2017,206,2.39557862
2017,207,2.226982187
2017,208,2.048457137
2017,209,2.220844025
2017,210,2.530339569
2017,211,2.741026256
2017,212,3.059027107
2017,213,3.666402771
2017,214,4.174533297
2017,215,4.282054802
2017,216,4.206815882
2017,217,4.003254388
2017,218,3.842217268
2017,219,3.461199826
2017,220,3.084361604
2017,221,2.626647374
2017,222,2.289288203
2017,223,1.93116468
2017,224,2.018260922
2017,225,2.35311904
2017,226,2.449800491
2017,227,2.356360905
2017,228,2.324788896
2017,229,2.259871677
2017,230,2.310346289
2017,231,2.320246829
2017,232,2.107121724
2017,233,1.774768977
2017,234,1.509648759
2017,235,1.233617213
2017,236,1.155961473
2017,237,1.049912089
2017,238,0.979068586
2017,239,0.91552673
2017,240,1.188023758
2017,241,1.481208465
2017,242,1.771285214
2017,243,1.930067499
2017,244,2.403317197
2017,245,3.057832735
2017,246,3.277659711
2017,247,3.64001213
2017,248,3.109074077
2017,249,2.923978904
2017,250,2.894396073
2017,251,2.708266354
2017,252,2.406677851
2017,253,1.771628623
2017,254,1.724102143
2017,255,1.583507565
2017,256,1.5793845
2017,257,1.535132283
2017,258,1.515868994
2017,259,1.44374883
2017,260,1.405904751
2017,261,1.256895577
2017,262,1.283722498
2017,263,1.308748143
2017,264,1.285147968
2017,265,1.189536052
2017,266,1.169101718
2017,267,1.146140845
2017,268,1.23827375
2017,269,1.241712157
2017,270,1.301121876
2017,271,1.383840196
2017,272,1.479182569
2017,273,1.589697562
2017,274,1.54681898
2017,275,1.498370265
2017,276,1.412965149
2017,277,1.289104729
2017,278,1.236880676
2017,279,1.216299907
2017,280,1.223010417
2017,281,1.314981336
2017,282,1.307335631
2017,283,1.344212119
2017,284,1.393624107
2017,285,1.345212108
2017,286,1.342043676
2017,287,1.254310292
2017,288,1.247884876
2017,289,1.210645541
2017,290,1.029554644
2017,291,0.817365166
2017,292,0.731731111
2017,293,0.748612784
2017,294,0.732173223
2017,295,0.85771937
2017,296,0.939019131
2017,297,0.993783328
2017,298,0.882371368
2017,299,0.765874583
2017,300,0.646739166
2017,301,0.578985477
2017,302,0.487593169
2017,303,0.472458993
2017,304,0.492680587
2017,305,0.565551282
2017,306,0.5423051
2017,307,0.542940298
2017,308,0.401380071
2017,309,0.359145542
2017,310,0.320599311
2017,311,0.446571587
2017,312,0.432100038
2017,313,0.30889149
2017,314,0.423357369
2017,315,0.51697449
2017,316,0.432100902
2017,317,0.54333511
2017,318,0.260788516
2017,319,0.890687692
2017,320,1.059319568
2017,321,0.654732167
2017,322,0.640804824
2017,323,0.886947776
2017,324,1.035633844
2017,325,0.388672218
2017,326,0.474038674
2017,327,0.456016732
2017,328,0.69646007
2017,329,0.636340143
2017,330,0.491641505
2017,331,0.632023775
2017,332,0.280584412
2017,333,0.468823612
2017,334,0.379524154
2017,335,0.349538736
2017,336,0.42711262
2017,337,0.617528469
2017,338,0.585709378
2017,339,0.585709378
2017,340,0.585709378
2017,341,0.364641249
2017,342,0.265433087
2017,343,0.265433087
2017,344,0.265433087
2017,345,0.265433087
2017,346,0.304180699
2017,347,0.381425645
2017,348,0.337003235
2017,349,0.381103618
2017,350,0.353033946
2017,351,0.65162205
2017,352,0.422947006
2017,353,0.248086711
2017,354,0.302805768
2017,355,0.275741701
2017,356,0.257654015
2017,357,0.206423856
2017,358,0.208041143
2017,359,0.159197464
2017,360,0.232444117
2017,361,0.294696699
2017,362,0.365603139
2017,363,0.153665123
2017,364,0.436274593
2017,365,0.609440652
2018,1,0.97286239
2018,2,0.786190992
2018,3,0.588299673
2018,4,0.443925309
2018,5,1.327234334
2018,6,0.976629725
2018,7,1.32965353
2018,8,0.624932751
2018,9,0.412497399
2018,10,0.60119247
2018,11,0.76619229
2018,12,1.0520436
2018,13,0.983948014
2018,14,0.920507022
2018,15,0.576881288
2018,16,0.871538657
2018,17,0.985270462
2018,18,0.749435065
2018,19,1.021262769
2018,20,0.44162326
2018,21,0.669339135
2018,22,0.57215499
2018,23,0.793410136
2018,24,0.909725066
2018,25,0.877732758
2018,26,1.0520436
2018,27,0.983948014
2018,28,0.926538273
2018,29,0.548840018
2018,30,0.578102549
2018,31,0.555926722
2018,32,0.570280518
2018,33,0.555978817
2018,34,0.601681774
2018,35,0.639693454
2018,36,0.60737912
2018,37,0.539379646
2018,38,0.555926722
2018,39,0.570280518
2018,40,0.555978817
2018,41,0.601681774
2018,42,0.639693454
2018,43,0.60737912
2018,44,0.539379646
2018,45,0.555926722
2018,46,0.570280518
2018,47,0.636533229
2018,48,0.669042162
2018,49,0.568907833
2018,50,0.487305484
2018,51,0.635329571
2018,52,0.810382435
2018,53,0.576644034
2018,54,0.827370457
2018,55,0.558713128
2018,56,0.723054661
2018,57,0.755306016
2018,58,0.386274404
2018,59,0.533187812
2018,60,0.483809409
2018,61,0.395706915
2018,62,0.38634503
2018,63,0.537360661
2018,64,0.465783904
2018,65,0.430679319
2018,66,0.337101485
2018,67,0.374041967
2018,68,0.323028679
2018,69,0.259074755
2018,70,0.195120831
2018,71,0.2165165
2018,72,0.237912169
2018,73,0.264866588
2018,74,0.291821007
2018,75,0.552335228
2018,76,0.550724662
2018,77,0.549114097
2018,78,0.607892721
2018,79,0.663490387
2018,80,0.625064456
2018,81,0.74822078
2018,82,0.904813672
2018,83,0.646509017
2018,84,0.559124571
2018,85,0.520391516
2018,86,0.445554513
2018,87,0.755060014
2018,88,0.524464128
2018,89,0.658291286
2018,90,0.841923883
2018,91,0.966477146
2018,92,0.697322631
2018,93,0.553065241
2018,94,0.526242273
2018,95,0.609536116
2018,96,0.750549696
2018,97,0.79080984
2018,98,0.554399784
2018,99,0.575839723
2018,100,0.426337466
2018,101,0.364824314
2018,102,0.774324167
2018,103,0.80975121
2018,104,0.837761704
2018,105,0.760108771
2018,106,0.417747279
2018,107,0.839005967
2018,108,0.630649708
2018,109,0.593603309
2018,110,0.665918438
2018,111,1.161903956
2018,112,0.632754869
2018,113,0.697141424
2018,114,0.873006849
2018,115,0.527263838
2018,116,0.608133323
2018,117,1.455558637
2018,118,1.185815143
2018,119,1.049754424
2018,120,1.071642522
2018,121,1.124603499
2018,122,1.086747541
2018,123,1.033070589
2018,124,1.102510652
2018,125,1.247196979
2018,126,1.312962136
2018,127,1.255850232
2018,128,1.057886517
2018,129,0.925311937
2018,130,0.930260047
2018,131,0.935389149
2018,132,0.889339111
2018,133,0.889052721
2018,134,0.96514498
2018,135,1.348201708
2018,136,1.690854126
2018,137,1.829688465
2018,138,1.921758735
2018,139,1.950112637
2018,140,1.991757971
2018,141,1.871405072
2018,142,2.003338838
2018,143,2.166801418
2018,144,2.31945634
2018,145,2.431038277
2018,146,2.622167941
2018,147,2.850580136
2018,148,3.066126381
2018,149,3.266251628
2018,150,3.75495688
2018,151,4.249119956
2018,152,4.435720513
2018,153,4.180204941
2018,154,3.98199544
2018,155,3.608615064
2018,156,3.283793553
2018,157,3.107810592
2018,158,2.967887712
2018,159,2.758669692
2018,160,2.896007287
2018,161,3.164740856
2018,162,3.417172228
2018,163,3.423735871
2018,164,3.91555772
2018,165,4.303039455
2018,166,4.499322411
2018,167,4.649156629
2018,168,4.840465558
2018,169,5.333972053
2018,170,5.383036313
2018,171,5.807305983
2018,172,5.733924494
2018,173,5.727488279
2018,174,5.515039193
2018,175,5.251664096
2018,176,4.988537377
2018,177,4.748015162
2018,178,4.515054421
2018,179,4.353421194
2018,180,4.321546812
2018,181,4.166099264
2018,182,4.138937573
2018,183,3.883270815
2018,184,3.839385765
2018,185,3.786027816
2018,186,3.633558637
2018,187,3.453022809
2018,188,3.348216177
2018,189,3.026407592
2018,190,3.134991721
2018,191,3.538201145
2018,192,3.88266823
2018,193,4.048945034
2018,194,4.322728225
2018,195,4.719704456
2018,196,5.202725105
2018,197,5.688894748
2018,198,5.907088912
2018,199,6.176911023
2018,200,6.584204636
2018,201,6.854523502
2018,202,6.827510837
2018,203,7.186018806
2018,204,7.455892752
2018,205,7.566420704
2018,206,7.72761117
2018,207,8.617057191
2018,208,9.546051377
2018,209,10.49398704
2018,210,9.988573548
2018,211,9.065929185
2018,212,8.412230052
2018,213,7.227290494
2018,214,5.993141969
2018,215,4.847424445
2018,216,3.208161549
2018,217,2.14114511
2018,218,2.413083829
2018,219,2.834299536
2018,220,3.227446436
2018,221,3.73032432
2018,222,4.018757458
2018,223,4.286713499
2018,224,4.015586867
2018,225,3.108838658
2018,226,2.460195626
2018,227,2.061869517
2018,228,1.466390052
2018,229,1.12442186
2018,230,1.056970328
2018,231,1.223191841
2018,232,1.48257562
2018,233,1.671312223
2018,234,1.934089054
2018,235,2.023550281
2018,236,2.205461904
2018,237,2.210835495
2018,238,2.228848257
2018,239,2.150449545
2018,240,2.116387281
2018,241,2.090756891
2018,242,2.279687876
2018,243,2.280217028
2018,244,2.200407963
2018,245,2.191252555
2018,246,2.043098664
2018,247,1.89563375
2018,248,1.677471983
2018,249,1.476916935
2018,250,1.448437764
2018,251,1.419936995
2018,252,1.730622591
2018,253,2.124814835
2018,254,2.426813701
2018,255,2.695797808
2018,256,2.616880742
2018,257,2.587116488
2018,258,2.273214944
2018,259,1.952430106
2018,260,1.760814486
2018,261,1.553302711
2018,262,1.273368399
2018,263,1.048907781
2018,264,0.85721268
2018,265,1.109070191
2018,266,1.262105023
2018,267,1.331249841
2018,268,1.604269757
2018,269,1.894679116
2018,270,1.774073521
2018,271,2.076383398
2018,272,1.802183365
2018,273,1.826167985
2018,274,2.035891399
2018,275,1.750775719
2018,276,1.740028536
2018,277,1.665690254
2018,278,1.332294322
2018,279,1.413879826
2018,280,1.616096842
2018,281,1.414753466
2018,282,1.361592059
2018,283,1.29513706
2018,284,1.240375239
2018,285,1.19299649
2018,286,1.311661718
2018,287,1.256394502
2018,288,1.294318495
2018,289,1.343057488
2018,290,1.428993052
2018,291,1.469968847
2018,292,1.441718615
2018,293,1.516929457
2018,294,1.412210945
2018,295,1.014505564
2018,296,0.920562529
2018,297,0.676929765
2018,298,0.475649887
2018,299,0.546412398
2018,300,0.511101336
2018,301,0.759710935
2018,302,0.802750423
2018,303,0.912576007
2018,304,0.775423939
2018,305,0.573327223
2018,306,0.45981939
2018,307,0.498927819
2018,308,0.605221908
2018,309,0.482860392
2018,310,0.334049704
2018,311,0.409483438
2018,312,0.464683916
2018,313,0.592406281
2018,314,0.522719784
2018,315,0.436234766
2018,316,1.748371101
2018,317,0.988497641
2018,318,0.278633246
2018,319,0.406425999
2018,320,0.262044874
2018,321,0.397405168
2018,322,0.398851805
2018,323,0.348711747
2018,324,0.403718253
2018,325,0.494389856
2018,326,0.946441944
2018,327,0.531806078
2018,328,0.980894916
2018,329,0.905776729
2018,330,0.550323371
2018,331,0.58479617
2018,332,0.722919976
2018,333,0.777531259
2018,334,0.564653884
2018,335,0.555165866
2018,336,0.718302964
2018,337,0.786994439
2018,338,0.751812749
2018,339,0.484149362
2018,340,0.444444396
2018,341,0.273099181
2018,342,0.289338529
2018,343,0.344908765
2018,344,0.277569758
2018,345,0.137843853
2018,346,0.181723655
2018,347,0.21861457
2018,348,0.230298676
2018,349,0.328152576
2018,350,0.36521891
2018,351,0.193813916
2018,352,0.149083644
2018,353,0.058641693
2018,354,0.055307021
2018,355,0.040542452
2018,356,0.092976567
2018,357,0.394629389
2018,358,0.333265263
2018,359,0.511962786
2018,360,0.779112236
2018,361,0.541717633
2018,362,0.678938166
2018,363,0.671276695
2018,364,0.496714452
2018,365,0.651999583
2019,1,0.507010452
2019,2,0.619028885
2019,3,0.634662839
2019,4,0.652026797
2019,5,0.774949214
2019,6,0.949190964
2019,7,0.740536695
2019,8,0.502169036
2019,9,0.296253572
2019,10,0.457305271
2019,11,0.605125991
2019,12,0.72575826
2019,13,0.986861978
2019,14,0.722953043
2019,15,0.395405773
2019,16,0.644122261
2019,17,0.682645145
2019,18,0.761394481
2019,19,0.59231477
2019,20,0.6786548
2019,21,0.701681547
2019,22,0.493024212
2019,23,0.62881327
2019,24,0.875050282
2019,25,0.537673617
2019,26,0.651775979
2019,27,0.762772241
2019,28,1.071754033
2019,29,1.521251224
2019,30,0.895131272
2019,31,0.357092001
2019,32,0.377152689
2019,33,0.374359199
2019,34,0.460282884
2019,35,0.425178083
2019,36,0.465856042
2019,37,0.654350962
2019,38,0.653303241
2019,39,0.505252696
2019,40,0.672997994
2019,41,0.449863559
2019,42,0.510306313
2019,43,0.664358844
2019,44,0.732044715
2019,45,0.559560203
2019,46,0.539541631
2019,47,0.612607356
2019,48,0.647600279
2019,49,0.417667496
2019,50,0.497867831
2019,51,0.551012132
2019,52,0.420289368
2019,53,0.435849673
2019,54,0.535316688
2019,55,0.264064074
2019,56,0.411459507
2019,57,0.375165173
2019,58,0.382175745
2019,59,0.432256408
2019,60,0.871830512
2019,61,0.661906171
2019,62,0.754259591
2019,63,0.359106018
2019,64,0.478085066
2019,65,0.69432396
2019,66,0.90558753
2019,67,1.495414292
2019,68,1.623059617
2019,69,0.50475525
2019,70,0.812010149
2019,71,0.769232862
2019,72,0.664546315
2019,73,0.671127884
2019,74,0.685966167
2019,75,0.450616467
2019,76,0.839880255
2019,77,0.571299773
2019,78,0.961824065
2019,79,0.637929527
2019,80,0.641119011
2019,81,0.687571709
2019,82,0.48793796
2019,83,0.659283392
2019,84,0.308299229
2019,85,0.614893163
2019,86,0.640894089
2019,87,0.665516931
2019,88,0.485669469
2019,89,0.846018352
2019,90,0.711462218
2019,91,0.588568958
2019,92,0.403079188
2019,93,0.617214434
2019,94,0.693476453
2019,95,0.411376117
2019,96,0.548833754
2019,97,1.953144785
2019,98,2.084204047
2019,99,1.947714391
2019,100,1.53712103
2019,101,1.341495518
2019,102,0.971142322
2019,103,0.736614427
2019,104,0.440390877
2019,105,0.466163382
2019,106,0.583819118
2019,107,0.812316193
2019,108,1.354408336
2019,109,1.62157216
2019,110,0.792900638
2019,111,1.010104532
2019,112,1.17697377
2019,113,1.146917295
2019,114,1.232791088
2019,115,1.463315139
2019,116,2.013068538
2019,117,2.327756682
2019,118,2.192628134
2019,119,1.54816281
2019,120,0.977428431
2019,121,1.092024805
2019,122,1.036688908
2019,123,1.021313697
2019,124,1.770145054
2019,125,1.421114088
2019,126,1.587411194
2019,127,1.820671284
2019,128,1.564869971
2019,129,1.749650461
2019,130,1.933056236
2019,131,1.953284309
2019,132,2.551281457
2019,133,2.840758429
2019,134,2.362838157
2019,135,1.750502935
2019,136,1.911844588
2019,137,1.837182335
2019,138,1.98277686
2019,139,2.005400587
2019,140,1.789832528
2019,141,1.720809307
2019,142,2.10231616
2019,143,2.421684167
2019,144,2.335546878
2019,145,1.93571409
2019,146,2.755981816
2019,147,3.345931536
2019,148,3.062890995
2019,149,2.795107739
2019,150,2.497486578
2019,151,1.668503932
2019,152,1.133127265
2019,153,1.666702438
2019,154,1.623920938
2019,155,1.416184434
2019,156,1.788728966
2019,157,1.180791426
2019,158,1.481382209
2019,159,1.248149332
2019,160,1.199588416
2019,161,1.752113815
2019,162,1.266535959
2019,163,1.441899384
2019,164,1.801383692
2019,165,1.403491814
2019,166,1.495287898
2019,167,4.993295424
2019,168,4.681262111
2019,169,4.40472517
2019,170,3.985561276
2019,171,3.251556324
2019,172,3.506173417
2019,173,3.323229408
2019,174,3.358918004
2019,175,3.302039575
2019,176,4.140956989
2019,177,4.130041342
2019,178,3.313737071
2019,179,2.715989812
2019,180,2.700441385
2019,181,3.280508492
2019,182,3.257547619
2019,183,4.188785841
2019,184,4.366742863
2019,185,3.897670226
2019,186,4.014135479
2019,187,4.491782536
2019,188,4.361561494
2019,189,4.851577748
2019,190,3.74197646
2019,191,4.486806349
2019,192,4.396111874
2019,193,4.461117644
2019,194,3.460312146
2019,195,4.051249545
2019,196,4.816848105
2019,197,4.397405596
2019,198,3.947695599
2019,199,4.561464281
2019,200,4.526790794
2019,201,4.79742715
2019,202,4.702698162
2019,203,4.00147471
2019,204,3.327713161
2019,205,3.545913804
2019,206,4.086452184
2019,207,4.781362531
2019,208,5.026204352
2019,209,5.362403709
2019,210,5.379960753
2019,211,4.878437066
2019,212,6.793973406
2019,213,5.480722073
2019,214,5.377518015
2019,215,6.16242306
2019,216,5.11478438
2019,217,4.729414933
2019,218,5.102484298
2019,219,4.436757218
2019,220,4.631424641
2019,221,4.711663507
2019,222,4.923190357
2019,223,4.216900006
2019,224,3.8480185
2019,225,4.123756313
2019,226,4.633355506
2019,227,4.891376449
2019,228,5.111503638
2019,229,6.327609163
2019,230,6.47690775
2019,231,5.75399555
2019,232,5.397712179
2019,233,4.268195342
2019,234,3.652357568
2019,235,3.1466633
2019,236,3.117063191
2019,237,2.85416541
2019,238,2.266027118
2019,239,2.408853853
2019,240,2.776857398
2019,241,3.79994775
2019,242,4.38437766
2019,243,2.888955528
2019,244,2.80818751
2019,245,2.57512245
2019,246,2.638133642
2019,247,3.081260125
2019,248,3.36446438
2019,249,2.449871764
2019,250,2.053050391
2019,251,2.145097551
2019,252,2.40691543
2019,253,2.984585154
2019,254,2.217686608
2019,255,1.953521239
2019,256,1.780077775
2019,257,1.421503284
2019,258,1.476435731
2019,259,1.403701751
2019,260,1.636271568
2019,261,1.189560242
2019,262,1.059315227
2019,263,1.222175869
2019,264,0.986905865
2019,265,0.957867089
2019,266,1.017184369
2019,267,0.905818197
2019,268,1.416486925
2019,269,1.713100104
2019,270,1.441877144
2019,271,1.130698033
2019,272,1.198449778
2019,273,1.19132653
2019,274,1.346933472
2019,275,1.072072971
2019,276,1.074244006
2019,277,1.158940922
2019,278,1.181833977
2019,279,1.548525225
2019,280,1.511154142
2019,281,1.25850679
2019,282,1.143170036
2019,283,0.966211275
2019,284,0.938437496
2019,285,1.000649344
2019,286,0.809400674
2019,287,0.966717533
2019,288,1.326046226
2019,289,1.233164086
2019,290,1.058369449
2019,291,0.775438626
2019,292,0.83985477
2019,293,1.049328511
2019,294,0.559569922
2019,295,0.640983073
2019,296,0.767511714
2019,297,1.523251203
2019,298,1.553187593
2019,299,1.145895276
2019,300,0.974028684
2019,301,0.52115371
2019,302,0.842239841
2019,303,0.815771447
2019,304,1.174861914
2019,305,0.726166593
2019,306,0.774541659
2019,307,0.473257041
2019,308,0.509530511
2019,309,0.861434448
2019,310,1.168507772
2019,311,0.709185828
2019,312,0.584315332
2019,313,0.733215976
2019,314,0.833908614
2019,315,0.988468915
2019,316,0.756043373
2019,317,0.633388555
2019,318,0.516791123
2019,319,0.613485533
2019,320,0.730968484
2019,321,0.341868193
2019,322,0.339654826
2019,323,0.794493925
2019,324,0.847846389
2019,325,0.744337453
2019,326,0.351186882
2019,327,0.373196707
2019,328,0.891422458
2019,329,1.006885993
2019,330,0.907853812
2019,331,0.575637997
2019,332,0.502535339
2019,333,0.825052339
2019,334,0.61412829
2019,335,0.465401403
2019,336,0.947501328
2019,337,0.848862447
2019,338,0.912562184
2019,339,1.070030013
2019,340,0.90860024
2019,341,0.896090873
2019,342,1.080665901
2019,343,1.055059118
2019,344,0.919380252
2019,345,0.773168283
2019,346,0.975865813
2019,347,0.968138683
2019,348,0.921636167
2019,349,1.110466289
2019,350,0.990911653
2019,351,0.991022667
2019,352,1.126633499
2019,353,0.871981849
2019,354,0.930082079
2019,355,0.653277107
2019,356,0.516654407
2019,357,0.876399943
2019,358,1.057128209
2019,359,1.0815152
2019,360,0.661051968
2019,361,0.334932632
2019,362,0.671206933
2019,363,0.273581897
2019,364,0.456995447
2019,365,0.435460909
2020,1,0.157700008
2020,2,0.675459587
2020,3,0.396445784
2020,4,0.278068457
2020,5,0.267262743
2020,6,0.316165234
2020,7,0.495514249
2020,8,0.944210651
2020,9,0.744769414
2020,10,0.320434086
2020,11,0.438086798
2020,12,0.615966715
2020,13,0.894188734
2020,14,0.783643288
2020,15,0.818991066
2020,16,0.601083292
2020,17,0.629390975
2020,18,0.567594025
2020,19,0.545768885
2020,20,0.757323272
2020,21,1.009794601
2020,22,0.413580003
2020,23,0.350552116
2020,24,0.604842862
2020,25,0.56099712
2020,26,0.667135487
2020,27,0.622442022
2020,28,0.683762088
2020,29,0.388335937
2020,30,0.437753108
2020,31,0.577779227
2020,32,0.314023788
2020,33,0.532739329
2020,34,0.513733705
2020,35,0.420947892
2020,36,0.743347831
2020,37,0.393436529
2020,38,0.495119221
2020,39,0.485353237
2020,40,0.643944596
2020,41,0.338857859
2020,42,0.934116376
2020,43,0.658503832
2020,44,0.421661275
2020,45,0.426267056
2020,46,0.511339995
2020,47,0.262974237
2020,48,0.489503084
2020,49,0.305865692
2020,50,0.448075112
2020,51,0.387926352
2020,52,0.368659262
2020,53,0.350244387
2020,54,0.18543815
2020,55,0.454952014
2020,56,1.00017788
2020,57,0.798509519
2020,58,0.284977669
2020,59,0.428303535
2020,60,0.212801091
2020,61,0.789156217
2020,62,0.761269882
2020,63,0.333572603
2020,64,0.306328624
2020,65,0.244946637
2020,66,0.333744092
2020,67,0.323540315
2020,68,0.553600506
2020,69,0.372634639
2020,70,0.339671457
2020,71,0.351350185
2020,72,0.421680584
2020,73,0.311781912
2020,74,0.59157886
2020,75,0.517722862
2020,76,0.463498832
2020,77,1.158619327
2020,78,0.526570282
2020,79,0.623561017
2020,80,0.655452893
2020,81,0.551372387
2020,82,0.690511323
2020,83,0.62172324
2020,84,0.963375021
2020,85,0.881976772
2020,86,0.717330836
2020,87,0.791644064
2020,88,0.779634044
2020,89,0.549417398
2020,90,0.514680563
2020,91,-0.307289953
2020,92,0.654961754
2020,93,0.901521268
2020,94,0.525262305
2020,95,0.475520947
2020,96,0.489043046
2020,97,0.513743856
2020,98,0.515785086
2020,99,0.449589667
2020,100,0.475274466
2020,101,0.812441527
2020,102,0.697470664
2020,103,0.409385383
2020,104,0.591315645
2020,105,0.316278991
2020,106,1.03464461
2020,107,0.062052066
2020,108,0.263807619
2020,109,0.092775208
2020,110,0.103300169
2020,111,0.007025375
2020,112,-0.138394387
2020,113,-0.238814026
2020,114,-0.277453777
2020,115,-0.211141282
2020,116,-0.376448464
2020,117,-0.684881017
2020,118,-0.472834583
2020,119,-0.420929102
2020,120,-0.272838125
2020,121,-0.217268256
2020,122,-0.145669901
2020,123,-0.518944231
2020,124,-0.402517208
2020,125,-0.299045334
2020,126,0.118072362
2020,127,-0.72196476
2020,128,-0.361893353
2020,129,-0.196221186
2020,130,-0.741786509
2020,131,-1.039483046
2020,132,-1.091405157
2020,133,-0.891199782
2020,134,-0.673241036
2020,135,-0.986278442
2020,136,-0.890641473
2020,137,-0.572608657
2020,138,-0.463997401
2020,139,0.000156802
2020,140,-0.232657181
2020,141,-0.212871328
2020,142,-0.007832312
2020,143,-0.237504018
2020,144,3.739799378
2020,145,3.714950837
2020,146,3.718423802
2020,147,3.996716662
2020,148,4.00851351
2020,149,3.594820398
2020,150,3.273778544
2020,151,3.070463267
2020,152,2.739799487
2020,153,2.588163992
2020,154,2.51965718
2020,155,2.290113248
2020,156,2.309797698
2020,157,2.500113117
2020,158,2.710996346
2020,159,3.626206665
2020,160,4.490469376
2020,161,4.513421609
2020,162,4.394805192
2020,163,4.127488454
2020,164,4.06703555
2020,165,4.12114943
2020,166,3.87694691
2020,167,3.544730232
2020,168,2.766233324
2020,169,2.377732163
2020,170,2.277739733
2020,171,2.487521462
2020,172,2.829379504
2020,173,3.069186823
2020,174,3.231755244
2020,175,3.380455566
2020,176,3.615215424
2020,177,3.628299515
2020,178,3.777362683
2020,179,3.915940006
2020,180,4.22521093
2020,181,4.579775097
2020,182,4.751993521
2020,183,4.660605749
2020,184,4.542462329
2020,185,4.341509877
2020,186,4.085802083
2020,187,3.06053465
2020,188,2.477374704
2020,189,2.499920895
2020,190,2.350378249
2020,191,2.346201189
2020,192,2.311840873
2020,193,2.314758767
2020,194,2.26313514
2020,195,2.223455228
2020,196,2.18790486
2020,197,2.117026583
2020,198,2.11695315
2020,199,2.099272997
2020,200,2.623189528
2020,201,3.569097137
2020,202,3.615232703
2020,203,3.414353684
2020,204,3.305002825
2020,205,3.272383311
2020,206,3.119767265
2020,207,3.11982126
2020,208,3.328885934
2020,209,3.505661544
2020,210,3.473679171
2020,211,3.477635931
2020,212,3.328125683
2020,213,3.163397458
2020,214,3.153080076
2020,215,3.159714993
2020,216,3.556481724
2020,217,3.699335457
2020,218,3.91281261
2020,219,3.834660115
2020,220,3.935211934
2020,221,4.555006469
2020,222,5.7569588
2020,223,6.810202171
2020,224,8.097311241
2020,225,9.481421413
2020,226,9.876758353
2020,227,9.364642989
2020,228,8.672598702
2020,229,8.105972053
2020,230,7.415173973
2020,231,6.510598527
2020,232,5.872434862
2020,233,4.733570395
2020,234,4.039631961
2020,235,3.715968105
2020,236,3.401492053
2020,237,3.141125563
2020,238,2.875217017
2020,239,2.585291454
2020,240,2.440554371
2020,241,2.464528192
2020,242,2.245802716
2020,243,2.20275135
2020,244,2.223742482
2020,245,2.185220224
2020,246,2.160006676
2020,247,2.358298249
2020,248,2.606327941
2020,249,2.553466747
2020,250,2.539510095
2020,251,2.504551514
2020,252,2.522933602
2020,253,2.609340867
2020,254,2.457467794
2020,255,2.611364603
2020,256,2.835839476
2020,257,2.728717535
2020,258,2.794865841
2020,259,2.499918735
2020,260,2.265415893
2020,261,1.919907783
2020,262,1.818444527
2020,263,1.603207134
2020,264,1.479912583
2020,265,1.205522487
2020,266,1.258984107
2020,267,1.466940802
2020,268,1.595621904
2020,269,1.591708339
2020,270,1.763810134
2020,271,2.291722302
2020,272,2.093307619
2020,273,2.264919138
2020,274,2.138868677
2020,275,1.787701882
2020,276,1.762056373
2020,277,1.843727188
2020,278,2.130296417
2020,279,2.105333406
2020,280,2.008723229
2020,281,1.88011772
2020,282,1.440328997
2020,283,1.343477786
2020,284,1.065615806
2020,285,0.862957757
2020,286,0.819219358
2020,287,0.746609566
2020,288,0.656959788
2020,289,0.672844432
2020,290,0.631431341
2020,291,0.569406964
2020,292,0.393748405
2020,293,0.425728157
2020,294,0.450189668
2020,295,0.394559938
2020,296,0.489187968
2020,297,0.538519957
2020,298,0.288104849
2020,299,0.53391828
2020,300,0.82114547
2020,301,0.606860443
2020,302,0.670489446
2020,303,0.689768567
2020,304,0.563389319
2020,305,0.570450387
2020,306,0.522993107
2020,307,0.407452791
2020,308,0.86640286
2020,309,0.631634579
2020,310,0.7084886
2020,311,0.661388034
2020,312,0.619473156
2020,313,0.639636651
2020,314,0.721778952
2020,315,0.5215293
2020,316,0.640046798
2020,317,0.582776796
2020,318,0.446100101
2020,319,0.388027301
2020,320,0.520782656
2020,321,0.987819246
2020,322,0.984095313
2020,323,0.986492263
2020,324,0.60744197
2020,325,1.102174802
2020,326,0.822015223
2020,327,0.621050029
2020,328,0.578209892
2020,329,0.790186413
2020,330,0.656718949
2020,331,0.659617643
2020,332,0.738234496
2020,333,0.956904465
2020,334,0.61914789
2020,335,0.566895544
2020,336,0.428312779
2020,337,0.57622244
2020,338,0.721807677
2020,339,0.494412425
2020,340,0.737465433
2020,341,0.858339276
2020,342,0.884054374
2020,343,0.819395166
2020,344,1.039070955
2020,345,0.987730478
2020,346,0.711446883
2020,347,0.52846227
2020,348,0.789142148
2020,349,0.950260693
2020,350,0.56959897
2020,351,0.825232251
2020,352,0.914623932
2020,353,0.676091113
2020,354,0.692898705
2020,355,0.451949282
2020,356,0.700622876
2020,357,0.703948045
2020,358,0.653008903
2020,359,0.611363828
2020,360,0.671421834
2020,361,0.726058603
2020,362,0.80925316
2020,363,0.496260829
2020,364,0.6017307
2020,365,0.7749922
2020,366,0.7933921
2021,1,0.7595074
2021,2,0.6457627
2021,3,0.7010447
2021,4,0.7441968
2021,5,0.9020416
2021,6,1.0421196
2021,7,0.7461263
2021,8,0.7610106
2021,9,1.208079
2021,10,0.54745939
2021,11,0.7133982
2021,12,1.1410327
2021,13,0.9751978
2021,14,1.222147208
2021,15,0.9325106
2021,16,0.68334724
2021,17,1.293439
2021,18,0.7682225
2021,19,0.6873806
2021,20,0.85321289
2021,21,0.879364
2021,22,0.9684585
2021,23,0.6067954
2021,24,0.6018203
2021,25,0.5977244
2021,26,0.52414
2021,27,0.588133
2021,28,0.7326678
2021,29,0.6118487
2021,30,0.7780256
2021,31,0.53005456
2021,32,0.5210624
2021,33,0.5672774
2021,34,0.6220442
2021,35,0.5549823
2021,36,0.6583846
2021,37,0.2529771
2021,38,0.5437864
2021,39,0.5328913
2021,40,0.65850969
2021,41,0.8460374
2021,42,0.8309134
2021,43,0.50392021
2021,44,0.3820405
2021,45,0.4453518
2021,46,0.38515514
2021,47,0.348265
2021,48,0.1955038
2021,49,0.18027424
2021,50,0.39703046
2021,51,0.356748
2021,52,0.40313851
2021,53,0.220035135
2021,54,0.3730604
2021,55,0.3360879
2021,56,0.5526771
2021,57,0.7252225
2021,58,0.5436857
2021,59,1.03324434
2021,60,0.8775096
2021,61,0.739529011
2021,62,0.7352254
2021,63,0.557023995
2021,64,0.609551
2021,65,0.4018692
2021,66,0.47823095
2021,67,0.5389695
2021,68,0.4255527
2021,69,0.5793636
2021,70,0.7140984
2021,71,0.6368285
2021,72,0.7682631
2021,73,0.54250451
2021,74,0.6048891
2021,75,0.7451653
2021,76,0.8102239
2021,77,0.55565319
2021,78,0.67479634
2021,79,0.37372203
2021,80,0.703370656
2021,81,0.45385514
2021,82,0.4606524
2021,83,0.36259001
2021,84,0.4967054
2021,85,0.50607242
2021,86,0.38856096
2021,87,0.36408974
2021,88,0.3735534
2021,89,0.47213938
2021,90,0.5740133
2021,91,0.562201391
2021,92,0.5278706
2021,93,0.47027097
2021,94,0.4477327
2021,95,0.57854417
2021,96,0.69867
2021,97,0.88648914
2021,98,0.499307
2021,99,0.44948978
2021,100,0.5691914
2021,101,0.60016056
2021,102,0.622251994
2021,103,0.55531363
2021,104,0.67892298
2021,105,0.9279018
2021,106,0.415090888
2021,107,0.74271476
2021,108,0.70229525
2021,109,0.9323691
2021,110,1.1146092
2021,111,1.05298974
2021,112,0.62740615
2021,113,0.69659478
2021,114,0.3823759
2021,115,2.00783
2021,116,1.923354
2021,117,1.859818
2021,118,1.93985
2021,119,1.939089
2021,120,1.795058
2021,121,1.559985
2021,122,1.313788
2021,123,1.192472
2021,124,1.078164
2021,125,0.968705
2021,126,1.35737
2021,127,1.831002
2021,128,2.314886
2021,129,2.739736
2021,130,2.881523
2021,131,3.112292
2021,132,3.257847
2021,133,3.353685
2021,134,3.559727
2021,135,3.641299
2021,136,3.595831
2021,137,3.456818
2021,138,3.278492
2021,139,2.936449
2021,140,2.760861
2021,141,2.770969
2021,142,2.65306
2021,143,2.384758
2021,144,2.143772
2021,145,1.747645
2021,146,1.748569
2021,147,2.093122
2021,148,2.276827
2021,149,2.37244
2021,150,2.522015
2021,151,2.843294
2021,152,3.186284
2021,153,3.458309
2021,154,3.431764
2021,155,3.067254
2021,156,2.806262
2021,157,2.69887
2021,158,3.366832
2021,159,4.0913
2021,160,4.940459
2021,161,5.84674
2021,162,6.86448
2021,163,7.77315
2021,164,8.29185
2021,165,7.72032
2021,166,7.22242
2021,167,6.45279
2021,168,5.89485
2021,169,5.170784
2021,170,4.387712
2021,171,3.706063
2021,172,3.251435
2021,173,2.904521
2021,174,2.667448
2021,175,2.937462
2021,176,3.280309
2021,177,3.670588
2021,178,4.074022
2021,179,4.522567
2021,180,4.927022
2021,181,5.022465
2021,182,5.233199
2021,183,5.389641
2021,184,5.174737
2021,185,5.003916
2021,186,5.045119
2021,187,4.695196
2021,188,4.268842
2021,189,3.826574
2021,190,3.424
2021,191,3.380917
2021,192,3.285664
2021,193,3.455278
2021,194,3.610972
2021,195,3.888865
2021,196,4.00238
2021,197,4.228608
2021,198,4.538743
2021,199,4.459099
2021,200,4.377517
2021,201,4.168033
2021,202,3.962942
2021,203,3.882428
2021,204,3.995747
2021,205,3.899546
2021,206,3.938763
2021,207,4.312055
2021,208,4.71113
2021,209,5.070755
2021,210,5.392929
2021,211,5.56934
2021,212,5.430474
2021,213,5.202246
2021,214,4.935259
2021,215,4.623981
2021,216,4.342324
2021,217,4.214592
2021,218,4.023065
2021,219,3.713074
2021,220,3.692385
2021,221,3.31962
2021,222,3.092526
2021,223,2.954321
2021,224,2.895886
2021,225,2.895967
2021,226,2.763442
2021,227,2.557055
2021,228,2.635963
2021,229,2.712913
2021,230,2.68066
2021,231,2.693133
2021,232,2.874224
2021,233,3.02065
2021,234,3.081211
2021,235,2.779162
2021,236,2.291589
2021,237,2.486779
2021,238,2.789741
2021,239,3.340282
2021,240,3.630806
2021,241,3.955987
2021,242,4.228703
2021,243,4.544873
2021,244,4.391555
2021,245,2.691884
2021,246,1.604673
2021,247,1.615583
2021,248,1.631804
2021,249,1.693255
2021,250,1.686166
2021,251,1.747373
2021,252,2.110656
2021,253,2.500482
2021,254,2.28684
2021,255,2.24859
2021,256,2.238186
2021,257,2.267859
2021,258,2.253185
2021,259,2.278644
2021,260,2.071793
2021,261,1.902748
2021,262,1.807764
2021,263,1.644774
2021,264,1.333163
2021,265,1.090269
2021,266,0.996527
2021,267,0.882799
2021,268,0.680898
2021,269,0.6215564
2021,270,0.5938983
2021,271,0.5173977
2021,272,0.640423
2021,273,0.708248
2021,274,0.747429
2021,275,0.78283
2021,276,0.840502
2021,277,0.825197
2021,278,0.810097
2021,279,0.757579
2021,280,0.716086
2021,281,0.663918
2021,282,0.5661328
2021,283,0.637447
2021,284,0.705041
2021,285,0.714198
2021,286,0.781188
2021,287,0.81028
2021,288,0.948794
2021,289,1.049952
2021,290,1.12121
2021,291,0.936493
2021,292,0.921745
2021,293,0.888428
2021,294,0.825516
2021,295,0.892569
2021,296,0.874558
2021,297,0.34895403
2021,298,0.6412839
2021,299,0.2983291
2021,300,0.6328672
2021,301,1.0096358
2021,302,0.19176627
2021,303,0.0729447
2021,304,0.40744434
2021,305,1.0956219
2021,306,0.9193772
2021,307,0.31010585
2021,308,0.3434359
2021,309,0.7236737
2021,310,0.5395982
2021,311,0.6566159
2021,312,0.8429191
2021,313,0.7795702
2021,314,0.7009497
2021,315,0.7740535
2021,316,0.7127359
2021,317,0.7135766
2021,318,0.787319
2021,319,0.91153707
2021,320,0.192695
2021,321,0.186888
2021,322,0.283049
2021,323,0.7278724
2021,324,0.8127603
2021,325,0.52555468
2021,326,0.16811531
2021,327,0.20649764
2021,328,0.16861596
2021,329,0.1917927
2021,330,0.1656749
2021,331,0.077287893
2021,332,0.016888767
2021,333,0.044399901
2021,334,0.2009548
2021,335,0.13862318
2021,336,0.032231857
2021,337,0.03202507
2021,338,0.262370522
2021,339,0.62609836
2021,340,0.569161382
2021,341,0.4479078
2021,342,0.3753729
2021,343,0.3632783
2021,344,0.410631
2021,345,0.4807218
2021,346,0.541714
2021,347,0.3714854
2021,348,0.367858
2021,349,0.2855299
2021,350,0.53349812
2021,351,0.95322701
2021,352,0.9885173
2021,353,0.8989645
2021,354,0.585621
2021,355,1.0266756
2021,356,0.6092493
2021,357,1.1302894
2021,358,1.2831074
2021,359,0.8579918
2021,360,0.92236298
2021,361,1.0850393
2021,362,0.7343111
2021,363,0.93069328
2021,364,1.0850393
2021,365,0.7343111
