Year,DOY,ERSpruce
2010,166,
2010,167,
2010,168,
2010,169,
2010,170,
2010,171,
2010,172,
2010,173,
2010,174,
2010,175,
2010,176,
2010,177,
2010,178,
2010,179,
2010,180,
2010,181,
2010,182,
2010,183,
2010,184,
2010,185,
2010,186,
2010,187,
2010,188,
2010,189,
2010,190,
2010,191,
2010,192,
2010,193,
2010,194,
2010,195,
2010,196,
2010,197,
2010,198,
2010,199,
2010,200,
2010,201,
2010,202,
2010,203,
2010,204,
2010,205,
2010,206,
2010,207,
2010,208,
2010,209,
2010,210,
2010,211,
2010,212,
2010,213,
2010,214,
2010,215,
2010,216,
2010,217,
2010,218,
2010,219,
2010,220,
2010,221,
2010,222,
2010,223,
2010,224,
2010,225,
2010,226,
2010,227,
2010,228,
2010,229,
2010,230,
2010,231,
2010,232,
2010,233,
2010,234,
2010,235,
2010,236,
2010,237,
2010,238,
2010,239,
2010,240,
2010,241,
2010,242,
2010,243,
2010,244,
2010,245,
2010,246,
2010,247,
2010,248,
2010,249,
2010,250,
2010,251,
2010,252,
2010,253,
2010,254,
2010,255,
2010,256,
2010,257,
2010,258,
2010,259,
2010,260,
2010,261,
2010,262,
2010,263,
2010,264,
2010,265,
2010,266,
2010,267,
2010,268,
2010,269,
2010,270,
2010,271,
2010,272,
2010,273,
2010,274,
2010,275,
2010,276,
2010,277,
2010,278,
2010,279,
2010,280,
2010,281,
2010,282,
2010,283,
2010,284,
2010,285,
2010,286,
2010,287,
2010,288,
2010,289,
2010,290,
2010,291,
2010,292,
2010,293,
2010,294,
2010,295,
2010,296,
2010,297,
2010,298,
2010,299,
2010,300,
2010,301,
2010,302,
2010,303,
2010,304,
2010,305,
2010,306,
2010,307,
2010,308,
2010,309,
2010,310,
2010,311,
2010,312,
2010,313,
2010,314,
2010,315,
2010,316,
2010,317,
2010,318,
2010,319,
2010,320,
2010,321,
2010,322,
2010,323,
2010,324,
2010,325,
2010,326,
2010,327,
2010,328,
2010,329,
2010,330,
2010,331,
2010,332,
2010,333,
2010,334,
2010,335,
2010,336,
2010,337,
2010,338,
2010,339,
2010,340,
2010,341,
2010,342,
2010,343,
2010,344,
2010,345,
2010,346,
2010,347,
2010,348,
2010,349,
2010,350,
2010,351,
2010,352,
2010,353,
2010,354,
2010,355,
2010,356,
2011,1,0.219473524
2011,2,0.23437861
2011,3,0.292896999
2011,4,0.502279424
2011,5,1.360766733
2011,6,1.191650068
2011,7,0.452533617
2011,8,0.678664433
2011,9,0.815748294
2011,10,0.756552007
2011,11,0.623014284
2011,12,1.424537895
2011,13,1.129510271
2011,14,1.598664613
2011,15,1.734216374
2011,16,0.792647142
2011,17,0.690849289
2011,18,0.462383228
2011,19,0.812548178
2011,20,0.695956512
2011,21,0.490586441
2011,22,0.235251084
2011,23,0.731205782
2011,24,0.563738797
2011,25,0.666346986
2011,26,0.448272151
2011,27,0.743580399
2011,28,0.663850037
2011,29,1.28390444
2011,30,1.019017373
2011,31,0.777775857
2011,32,1.360336759
2011,33,0.629285274
2011,34,1.101358613
2011,35,0.825981444
2011,36,0.27762006
2011,37,0.19529314
2011,38,0.224002395
2011,39,0.20213475
2011,40,0.317677312
2011,41,0.385631301
2011,42,0.002172763
2011,43,0.337231375
2011,44,0.152687492
2011,45,0.082657003
2011,46,0.184947464
2011,47,0.078208715
2011,48,0.505313106
2011,49,0.792201618
2011,50,0.909908757
2011,51,0.649553994
2011,52,0.365972185
2011,53,0.750633605
2011,54,0.866937433
2011,55,0.48285821
2011,56,1.060464242
2011,57,0.679386736
2011,58,0.20473876
2011,59,0.176941158
2011,60,0.558852392
2011,61,0.621920127
2011,62,0.281418788
2011,63,0.613233354
2011,64,0.829355165
2011,65,0.758796064
2011,66,0.673972303
2011,67,1.324648466
2011,68,1.372197256
2011,69,0.880633374
2011,70,0.611744796
2011,71,0.614626514
2011,72,0.636782449
2011,73,0.396167752
2011,74,0.383056232
2011,75,0.320442358
2011,76,0.159087401
2011,77,0.174470689
2011,78,0.250566662
2011,79,0.116420631
2011,80,0.671907682
2011,81,0.485299847
2011,82,0.59367482
2011,83,1.181151414
2011,84,0.505125484
2011,85,0.401118864
2011,86,0.309882926
2011,87,0.351349558
2011,88,0.892430654
2011,89,0.541025546
2011,90,0.619948594
2011,91,0.531566685
2011,92,0.796790164
2011,93,1.285873727
2011,94,0.88510419
2011,95,0.724153937
2011,96,0.622675432
2011,97,0.932496912
2011,98,0.056083426
2011,99,0.182893341
2011,100,0.004568221
2011,101,0.1397742
2011,102,0.547008548
2011,103,0.644964499
2011,104,0.119251398
2011,105,0.295548028
2011,106,0.144067477
2011,107,0.064421823
2011,108,0.37009026
2011,109,0.313184207
2011,110,0.047903602
2011,111,0.021784364
2011,112,0.699478568
2011,113,1.51994694
2011,114,1.048957498
2011,115,1.053602264
2011,116,1.100067481
2011,117,0.631030956
2011,118,0.864918556
2011,119,1.166039007
2011,120,1.169493117
2011,121,0.864898815
2011,122,0.629929521
2011,123,0.488740024
2011,124,0.808654375
2011,125,0.809095234
2011,126,0.780784009
2011,127,0.106535686
2011,128,0.419178234
2011,129,0.956053566
2011,130,0.152476478
2011,131,0.179833782
2011,132,0.828579211
2011,133,0.86376373
2011,134,2.220365908
2011,135,1.98593082
2011,136,2.298197003
2011,137,3.303352907
2011,138,4.291457334
2011,139,3.429111578
2011,140,3.938333583
2011,141,4.27401031
2011,142,3.608713075
2011,143,4.816277224
2011,144,3.98598978
2011,145,4.099326535
2011,146,3.824113447
2011,147,4.575687775
2011,148,5.263673726
2011,149,4.736027603
2011,150,4.297418889
2011,151,4.025978459
2011,152,4.158102762
2011,153,2.358448268
2011,154,3.041324383
2011,155,3.365659959
2011,156,1.646757543
2011,157,2.771074955
2011,158,3.933729875
2011,159,2.43847841
2011,160,2.34863317
2011,161,2.161920822
2011,162,2.865148097
2011,163,2.284473308
2011,164,2.813180025
2011,165,2.368567596
2011,166,2.541800717
2011,167,2.663797896
2011,168,2.510491577
2011,169,3.677525823
2011,170,3.011847858
2011,171,2.940415851
2011,172,3.397394387
2011,173,2.561989439
2011,174,2.152923663
2011,175,2.907105264
2011,176,3.994379451
2011,177,3.323423811
2011,178,3.637274664
2011,179,1.91848648
2011,180,1.802392908
2011,181,2.664992764
2011,182,2.917255693
2011,183,2.169145646
2011,184,1.626832275
2011,185,2.229050414
2011,186,3.042672878
2011,187,3.489106691
2011,188,2.696480196
2011,189,2.88996031
2011,190,3.319657805
2011,191,3.013022057
2011,192,2.547451476
2011,193,2.472572466
2011,194,2.352316197
2011,195,2.420032478
2011,196,2.601827212
2011,197,2.075647012
2011,198,2.225122833
2011,199,1.525389472
2011,200,1.604691069
2011,201,3.033114192
2011,202,3.900528034
2011,203,4.940882604
2011,204,3.778073215
2011,205,2.968300428
2011,206,2.939892422
2011,207,2.173323916
2011,208,2.578072762
2011,209,2.695412368
2011,210,3.023675029
2011,211,2.008340943
2011,212,1.892474928
2011,213,2.771715207
2011,214,3.129734174
2011,215,3.04273899
2011,216,2.892729848
2011,217,1.869628201
2011,218,1.271744334
2011,219,1.508437756
2011,220,1.388843424
2011,221,1.442781885
2011,222,1.23659448
2011,223,1.447624877
2011,224,2.247902239
2011,225,2.05473562
2011,226,1.430124053
2011,227,2.443569089
2011,228,2.325634587
2011,229,1.933053816
2011,230,1.341383358
2011,231,1.502587863
2011,232,2.113221008
2011,233,1.790484507
2011,234,2.918197648
2011,235,1.144858504
2011,236,1.446652966
2011,237,1.503885797
2011,238,2.296088214
2011,239,2.983540305
2011,240,1.858672316
2011,241,1.751759076
2011,242,1.539430744
2011,243,0.835764468
2011,244,2.117909272
2011,245,2.569155041
2011,246,2.435004215
2011,247,3.440943112
2011,248,1.947308714
2011,249,1.88367457
2011,250,3.215156634
2011,251,2.742656323
2011,252,2.141258326
2011,253,1.63045919
2011,254,2.35198985
2011,255,2.204186387
2011,256,1.993502184
2011,257,2.420310941
2011,258,2.923885275
2011,259,1.849748223
2011,260,1.069335419
2011,261,0.89523384
2011,262,1.066610956
2011,263,2.089811825
2011,264,2.045133997
2011,265,0.85411241
2011,266,1.144740384
2011,267,0.943262949
2011,268,1.021631295
2011,269,1.446811236
2011,270,1.902809309
2011,271,2.13566314
2011,272,1.859946731
2011,273,1.832542818
2011,274,1.918425402
2011,275,2.119026151
2011,276,2.361052496
2011,277,1.949578582
2011,278,1.915305609
2011,279,0.88957846
2011,280,0.806321615
2011,281,1.431228448
2011,282,1.860342428
2011,283,1.114912115
2011,284,0.797269316
2011,285,1.414679061
2011,286,1.66433245
2011,287,1.005492336
2011,288,2.112195146
2011,289,2.192052827
2011,290,2.135425324
2011,291,0.694358279
2011,292,1.221905678
2011,293,1.179797865
2011,294,0.622097728
2011,295,0.431226614
2011,296,1.024368524
2011,297,0.967443421
2011,298,1.83620023
2011,299,1.272006017
2011,300,1.344053827
2011,301,0.261008708
2011,302,0.408445674
2011,303,1.565655492
2011,304,0.949973698
2011,305,1.411435921
2011,306,0.448854154
2011,307,1.073696085
2011,308,1.149748884
2011,309,1.282370526
2011,310,1.284096727
2011,311,1.664872379
2011,312,0.869006806
2011,313,0.928274107
2011,314,1.482063617
2011,315,1.217477627
2011,316,1.101370815
2011,317,0
2011,318,0.25989777
2011,319,0.198696256
2011,320,0.360667556
2011,321,0.187816785
2011,322,0.091852713
2011,323,0.207382058
2011,324,0.317788024
2011,325,0.0000162
2011,326,0.063427256
2011,327,0.589098455
2011,328,0.572923599
2011,329,0.384395029
2011,330,0.075530861
2011,331,0.248148114
2011,332,0.318928573
2011,333,0.248783118
2011,334,0.901792928
2011,335,0.729624763
2011,336,1.312018755
2011,337,1.110798985
2011,338,1.874219815
2011,339,0.739937911
2011,340,1.259715006
2011,341,1.570958825
2011,342,1.407064587
2011,343,1.03608075
2011,344,1.176053219
2011,345,2.088440826
2011,346,1.522561945
2011,347,1.526454818
2011,348,0.710627151
2011,349,0.711208506
2011,350,0.57215013
2011,351,0.611004113
2011,352,1.878706807
2011,353,1.067838957
2011,354,1.237558509
2011,355,1.108872051
2011,356,0.965398454
2011,357,0.885701203
2011,358,0.611040181
2011,359,0.453528185
2011,360,0.454553055
2011,361,0.640785084
2011,362,0.424838346
2011,363,0.252582277
2011,364,0.0437557
2011,365,0.039480973
2012,1,0.050553941
2012,2,0.192844959
2012,3,0.230242866
2012,4,0.333194897
2012,5,0.826034575
2012,6,0.300719743
2012,7,0.000411615
2012,8,0
2012,9,0.068989636
2012,10,1.595375232
2012,11,1.479249868
2012,12,0.819392919
2012,13,0
2012,14,0.007509097
2012,15,0.014173798
2012,16,0
2012,17,0.004269219
2012,18,0.030335047
2012,19,0.024390965
2012,20,0.030596556
2012,21,0.005099426
2012,22,0.774740361
2012,23,0.520174801
2012,24,0
2012,25,0
2012,26,0.045033289
2012,27,0.077699476
2012,28,0.053651639
2012,29,0.043783713
2012,30,0
2012,31,0
2012,32,0.132753692
2012,33,1.336498747
2012,34,1.4785502
2012,35,1.32333077
2012,36,2.049213262
2012,37,1.746350886
2012,38,1.619823303
2012,39,1.561445559
2012,40,1.1334139
2012,41,1.302631061
2012,42,0.830661587
2012,43,0.539843485
2012,44,1.203677496
2012,45,1.070589337
2012,46,0.806521181
2012,47,0.209832441
2012,48,0.157422883
2012,49,0.501503795
2012,50,0.363249234
2012,51,0.363952531
2012,52,0.729394743
2012,53,0.866811041
2012,54,0.650909876
2012,55,0.877296003
2012,56,1.001147481
2012,57,0.537173147
2012,58,0.873940143
2012,59,1.104025257
2012,60,0.318553134
2012,61,0.422697311
2012,62,0.523224271
2012,63,0.857155834
2012,64,0.2701066
2012,65,0.475820641
2012,66,0.706999005
2012,67,0.707031532
2012,68,0.781677175
2012,69,0.484524326
2012,70,0.349315304
2012,71,0.305012116
2012,72,0.293312934
2012,73,0.569278304
2012,74,0.565433271
2012,75,0.185204718
2012,76,0.124982827
2012,77,0.196481226
2012,78,0.258289947
2012,79,0.121078291
2012,80,0.145138892
2012,81,0.217220179
2012,82,0.085425267
2012,83,0.208162222
2012,84,0.204863878
2012,85,0.26984453
2012,86,0.388017301
2012,87,0.453396026
2012,88,0.863019161
2012,89,0.463619608
2012,90,0.353542472
2012,91,0.293984093
2012,92,0.504048087
2012,93,0.131035957
2012,94,0.145393598
2012,95,0.50607191
2012,96,1.264084462
2012,97,1.482924126
2012,98,1.616836575
2012,99,1.042651305
2012,100,1.156284752
2012,101,1.559266922
2012,102,1.236706143
2012,103,1.512412574
2012,104,1.906960451
2012,105,3.094336095
2012,106,2.787831836
2012,107,2.783074696
2012,108,2.477785758
2012,109,2.73760139
2012,110,3.31586653
2012,111,0.752133177
2012,112,1.180896275
2012,113,0.995889092
2012,114,0.951809249
2012,115,1.00728048
2012,116,1.15393253
2012,117,1.131372992
2012,118,1.061737143
2012,119,0.972506712
2012,120,1.100213916
2012,121,0.364235529
2012,122,-0.585321197
2012,123,-0.571503076
2012,124,0.186148876
2012,125,0.589744667
2012,126,0.646937672
2012,127,1.043166158
2012,128,1.068264502
2012,129,0.858289794
2012,130,1.22481314
2012,131,1.306987794
2012,132,1.690794903
2012,133,0.360709196
2012,134,1.155375949
2012,135,1.836368326
2012,136,1.758370492
2012,137,5.356583922
2012,138,0.948406176
2012,139,2.189356463
2012,140,0.967948423
2012,141,0.452549812
2012,142,1.566457229
2012,143,1.855557769
2012,144,2.234327786
2012,145,2.248829421
2012,146,1.339894433
2012,147,1.347542492
2012,148,1.706455186
2012,149,2.028912165
2012,150,1.628042996
2012,151,2.38133506
2012,152,2.132143134
2012,153,1.39858997
2012,154,1.807459116
2012,155,2.122495205
2012,156,3.016541306
2012,157,3.098969586
2012,158,2.597655162
2012,159,2.802825451
2012,160,3.923340874
2012,161,2.417763539
2012,162,0.813945265
2012,163,1.527940587
2012,164,1.874750391
2012,165,1.533891388
2012,166,2.553034958
2012,167,2.388109219
2012,168,2.498861186
2012,169,2.566846729
2012,170,2.883304681
2012,171,3.912011494
2012,172,1.186156062
2012,173,1.272311345
2012,174,3.351871535
2012,175,3.522881182
2012,176,3.46626586
2012,177,2.667541527
2012,178,2.05865994
2012,179,1.172949818
2012,180,2.070038239
2012,181,2.683952838
2012,182,1.638491044
2012,183,2.480798465
2012,184,2.337045411
2012,185,2.390128182
2012,186,2.000315954
2012,187,3.107584999
2012,188,2.590146432
2012,189,2.803005708
2012,190,2.098720929
2012,191,1.376629647
2012,192,1.828426426
2012,193,3.220789013
2012,194,2.26320056
2012,195,2.352310106
2012,196,2.05118879
2012,197,2.267585976
2012,198,3.565662033
2012,199,1.405419679
2012,200,1.187364973
2012,201,2.309139972
2012,202,1.429428618
2012,203,3.173416787
2012,204,4.151466269
2012,205,2.98116856
2012,206,3.016744651
2012,207,3.932581832
2012,208,4.365859675
2012,209,4.076503501
2012,210,3.506965846
2012,211,2.853454508
2012,212,0.313052154
2012,213,3.103428759
2012,214,2.498801165
2012,215,1.688772355
2012,216,1.087793813
2012,217,1.624877588
2012,218,2.399140308
2012,219,2.142189806
2012,220,2.214661716
2012,221,1.607512421
2012,222,1.602040688
2012,223,2.353248433
2012,224,2.544475634
2012,225,3.966907418
2012,226,3.194938949
2012,227,2.838911472
2012,228,2.506857967
2012,229,2.225434752
2012,230,3.301649664
2012,231,0.864342386
2012,232,0.456632535
2012,233,0.327750507
2012,234,2.190878628
2012,235,0.416687571
2012,236,1.471938177
2012,237,0.707024512
2012,238,1.795811426
2012,239,2.263103111
2012,240,2.930519783
2012,241,3.424463639
2012,242,1.982716817
2012,243,4.25708745
2012,244,3.087075202
2012,245,2.555161048
2012,246,2.56719137
2012,247,3.102989197
2012,248,2.780868435
2012,249,2.993062902
2012,250,2.041509955
2012,251,2.115486362
2012,252,2.045968676
2012,253,1.973830758
2012,254,2.467570297
2012,255,2.046763138
2012,256,2.114670432
2012,257,2.018128958
2012,258,1.923871044
2012,259,2.313201938
2012,260,2.577387155
2012,261,2.200474615
2012,262,1.859057972
2012,263,2.315482518
2012,264,1.743954648
2012,265,2.400957676
2012,266,3.861629518
2012,267,2.554001341
2012,268,1.994959189
2012,269,2.1633534
2012,270,2.148447255
2012,271,2.430258415
2012,272,2.004613986
2012,273,0.996665261
2012,274,0.882577002
2012,275,1.106885657
2012,276,1.974307449
2012,277,2.339513724
2012,278,2.616319344
2012,279,1.035469763
2012,280,0.904888401
2012,281,0.951942424
2012,282,2.202255783
2012,283,4.410154334
2012,284,1.558453173
2012,285,0.978581226
2012,286,0.55484168
2012,287,0.548298533
2012,288,2.059558203
2012,289,2.063682025
2012,290,2.0299606
2012,291,1.28605582
2012,292,1.412184012
2012,293,0.389690522
2012,294,0.839243027
2012,295,1.174984915
2012,296,0.38057816
2012,297,0.899575932
2012,298,0.913865777
2012,299,0.39718124
2012,300,0.96415728
2012,301,0.886116684
2012,302,0.85038135
2012,303,1.113768952
2012,304,0.351239646
2012,305,1.903309821
2012,306,0.44014684
2012,307,0.480185216
2012,308,1.239026096
2012,309,1.088130571
2012,310,0.268530937
2012,311,0.13545971
2012,312,0.237181689
2012,313,0.514094543
2012,314,1.226994002
2012,315,1.244695062
2012,316,0.765973567
2012,317,0.303054945
2012,318,0
2012,319,0
2012,320,0
2012,321,0.262481262
2012,322,0.360098815
2012,323,0.44845243
2012,324,0.61812965
2012,325,0.264517331
2012,326,0.056701347
2012,327,0.492880326
2012,328,0.798449325
2012,329,0.285741808
2012,330,0
2012,331,0.160947035
2012,332,0.11020815
2012,333,0.116053723
2012,334,0.055976819
2012,335,0.014287555
2012,336,0.029296268
2012,337,0.043944661
2012,338,0.005242794
2012,339,0
2012,340,0
2012,341,0
2012,342,0
2012,343,0.091387945
2012,344,0.438194356
2012,345,0.309802474
2012,346,0.314386268
2012,347,0.644075393
2012,348,0.807334541
2012,349,1.128860148
2012,350,1.844662448
2012,351,1.837937273
2012,352,1.858112798
2012,353,1.35447989
2012,354,1.837937273
2012,355,1.837937273
2012,356,1.837937273
2012,357,1.817761791
2012,358,1.422684848
2012,359,0.633030093
2012,360,0.611149273
2012,361,0.550449287
2012,362,0.591398603
2012,363,0.502230979
2012,364,0.389948727
2012,365,0.457352571
2012,366,0.600931199
2013,1,0.743091311
2013,2,1.370229697
2013,3,1.145408132
2013,4,1.498597195
2013,5,1.39341709
2013,6,1.303745584
2013,7,1.02423805
2013,8,0.940837059
2013,9,0.972865198
2013,10,1.434066409
2013,11,1.49044344
2013,12,1.271672953
2013,13,1.709613554
2013,14,1.813452681
2013,15,0.831224756
2013,16,0.92558932
2013,17,1.056834714
2013,18,0.46878385
2013,19,0.943094248
2013,20,0.865738029
2013,21,0.737193341
2013,22,0.969704088
2013,23,0.818509819
2013,24,0.785492188
2013,25,0.74303777
2013,26,0.37299051
2013,27,0.663579522
2013,28,0.836220943
2013,29,0.70353481
2013,30,0.668540418
2013,31,0.51760552
2013,32,0.755976721
2013,33,0.897702562
2013,34,0.702130894
2013,35,0.640843506
2013,36,0.864845685
2013,37,0.874156685
2013,38,1.09882972
2013,39,1.167826246
2013,40,1.18115271
2013,41,1.149148934
2013,42,1.119512929
2013,43,1.083108552
2013,44,1.172797941
2013,45,1.366473539
2013,46,1.22740957
2013,47,0.686181306
2013,48,0.744709868
2013,49,0.167197723
2013,50,0.54631376
2013,51,0.196701137
2013,52,0.208328073
2013,53,0.290224588
2013,54,0.351176774
2013,55,0.180577253
2013,56,0.246072305
2013,57,0.27662249
2013,58,0.369191243
2013,59,0.15077464
2013,60,0.241012879
2013,61,0.193743999
2013,62,0.471462201
2013,63,0.225962006
2013,64,0.241165965
2013,65,0.595917431
2013,66,0.658759553
2013,67,0.218017125
2013,68,0.244283275
2013,69,0.569073684
2013,70,0.470921343
2013,71,0.412241572
2013,72,0.720021995
2013,73,0.762805502
2013,74,0.60353171
2013,75,0.561347656
2013,76,0.398856124
2013,77,0.384597921
2013,78,0.350004821
2013,79,0.425603392
2013,80,0.572492632
2013,81,0.569272775
2013,82,0.134858486
2013,83,0.177561022
2013,84,0.161953827
2013,85,0.19674496
2013,86,0.211462834
2013,87,0.427578943
2013,88,0.746849845
2013,89,0.491017473
2013,90,0.769116211
2013,91,0.694380676
2013,92,0.671442179
2013,93,0.601782464
2013,94,0.729459451
2013,95,0.576445397
2013,96,0.330106183
2013,97,0.226292758
2013,98,0.429681728
2013,99,0.353869769
2013,100,0.25516348
2013,101,0.294023618
2013,102,0.282525428
2013,103,0.226052955
2013,104,0.557797825
2013,105,0.401387328
2013,106,0.427079056
2013,107,0.48705054
2013,108,0.500456636
2013,109,0.694240138
2013,110,0.814054619
2013,111,0.964874464
2013,112,1.066775491
2013,113,1.370507426
2013,114,1.077230539
2013,115,0.711269023
2013,116,0.550076289
2013,117,0.643298123
2013,118,0.669806366
2013,119,0.570229871
2013,120,0.642068958
2013,121,0.80501489
2013,122,0.863932369
2013,123,0.584065746
2013,124,0.647834704
2013,125,0.855663193
2013,126,0.889510578
2013,127,1.241596888
2013,128,1.418258071
2013,129,2.150118339
2013,130,2.31837849
2013,131,2.47329071
2013,132,1.720253352
2013,133,0.634653704
2013,134,0.993939611
2013,135,1.347434784
2013,136,1.702799201
2013,137,0.804112935
2013,138,0.807262706
2013,139,1.162746863
2013,140,2.018427594
2013,141,1.978470492
2013,142,3.308372292
2013,143,3.227220823
2013,144,1.52037577
2013,145,1.980868932
2013,146,2.427776908
2013,147,3.077449692
2013,148,2.904933021
2013,149,1.843111709
2013,150,2.28821167
2013,151,5.210283575
2013,152,3.741811625
2013,153,2.048753052
2013,154,5.936150302
2013,155,4.937932961
2013,156,2.6469359
2013,157,2.864276833
2013,158,3.773630327
2013,159,3.722301189
2013,160,3.31908401
2013,161,2.897521978
2013,162,3.139983114
2013,163,3.825305336
2013,164,3.613194992
2013,165,4.090562852
2013,166,4.188291268
2013,167,4.71408672
2013,168,4.731730848
2013,169,4.800523574
2013,170,4.800624351
2013,171,4.784189282
2013,172,4.139560697
2013,173,3.716315725
2013,174,4.221325572
2013,175,5.058377457
2013,176,5.093748842
2013,177,5.063742949
2013,178,4.510239095
2013,179,5.518940403
2013,180,5.892779263
2013,181,6.557801014
2013,182,5.055113583
2013,183,3.870180591
2013,184,3.410242239
2013,185,2.909310835
2013,186,3.0351862
2013,187,3.279617811
2013,188,3.432223489
2013,189,2.757657889
2013,190,2.880762399
2013,191,2.313404203
2013,192,3.375068432
2013,193,3.380605758
2013,194,5.104543326
2013,195,5.72515675
2013,196,3.879286063
2013,197,3.786412887
2013,198,3.441530515
2013,199,4.022905232
2013,200,4.516222831
2013,201,3.226454827
2013,202,2.994581913
2013,203,4.051006977
2013,204,5.146831115
2013,205,4.34559601
2013,206,4.296985741
2013,207,4.272207351
2013,208,5.416198824
2013,209,6.668433436
2013,210,5.696643173
2013,211,4.300419159
2013,212,4.858415707
2013,213,5.62593794
2013,214,6.163916435
2013,215,4.671912666
2013,216,3.985400911
2013,217,3.701220663
2013,218,4.462007461
2013,219,5.273801781
2013,220,5.207762804
2013,221,3.933828471
2013,222,2.659745263
2013,223,1.72712967
2013,224,4.384251441
2013,225,3.694643953
2013,226,4.603380433
2013,227,2.43219727
2013,228,2.34340353
2013,229,1.617501838
2013,230,2.158043501
2013,231,2.017227672
2013,232,2.843582135
2013,233,2.469092894
2013,234,2.2003463
2013,235,2.795069122
2013,236,2.668044849
2013,237,2.414712148
2013,238,1.562902585
2013,239,2.300731361
2013,240,2.641308942
2013,241,1.734120955
2013,242,3.634190206
2013,243,2.052412861
2013,244,1.509305069
2013,245,2.279471334
2013,246,2.324793302
2013,247,2.12314792
2013,248,2.415862999
2013,249,2.348564878
2013,250,1.989574798
2013,251,1.871780143
2013,252,4.377966909
2013,253,2.462026513
2013,254,2.449302289
2013,255,4.981629093
2013,256,2.974094793
2013,257,1.903841155
2013,258,1.812587247
2013,259,1.859017842
2013,260,1.860470569
2013,261,1.650334827
2013,262,0.936383285
2013,263,1.136098018
2013,264,0.967544198
2013,265,1.732074303
2013,266,2.045015338
2013,267,1.892181714
2013,268,2.048788494
2013,269,1.973376163
2013,270,2.046284957
2013,271,1.899644181
2013,272,1.871629886
2013,273,1.85772371
2013,274,1.826831736
2013,275,1.857246631
2013,276,1.890560868
2013,277,1.816528112
2013,278,2.004575779
2013,279,0.632730571
2013,280,0.665379286
2013,281,0.917533253
2013,282,1.002994826
2013,283,0.650447851
2013,284,0.595087526
2013,285,0.923198115
2013,286,1.439748766
2013,287,0.861449869
2013,288,2.26753736
2013,289,1.856664564
2013,290,1.868044677
2013,291,0.557119344
2013,292,0.242455951
2013,293,1.515284465
2013,294,0.284999375
2013,295,0.26157516
2013,296,0.397534195
2013,297,0.750117865
2013,298,0.442525367
2013,299,0.582343345
2013,300,0.974766818
2013,301,1.502344692
2013,302,1.619616609
2013,303,0.92357742
2013,304,0.86017174
2013,305,0.662980284
2013,306,1.102247717
2013,307,1.142394623
2013,308,1.061470603
2013,309,1.075571054
2013,310,0.660284029
2013,311,0.767252171
2013,312,0.667476585
2013,313,1.111462973
2013,314,0.810996337
2013,315,0.621881445
2013,316,0.967760199
2013,317,1.087476367
2013,318,0.465865933
2013,319,1.173386142
2013,320,0.732318794
2013,321,0.816612518
2013,322,1.189319942
2013,323,0.837565421
2013,324,0.09490458
2013,325,0.445356805
2013,326,0.768351165
2013,327,0.886552532
2013,328,0.496460027
2013,329,0.616637356
2013,330,0.649227648
2013,331,0.637068558
2013,332,0.661445225
2013,333,0.374895608
2013,334,0.208828759
2013,335,0.2347934
2013,336,0.433949651
2013,337,1.006235244
2013,338,1.06594496
2013,339,1.085182504
2013,340,0.926074995
2013,341,1.094198993
2013,342,1.743536078
2013,343,3.025471684
2013,344,1.525466038
2013,345,1.048931992
2013,346,1.232916724
2013,347,0.249517645
2013,348,0.461535657
2013,349,0.40095595
2013,350,0.080974603
2013,351,0.317647701
2013,352,0.552628097
2013,353,0.916661707
2013,354,0.775004505
2013,355,0.563147118
2013,356,0.657319936
2013,357,0.468013469
2013,358,0.167103836
2013,359,0.032271009
2013,360,0.019470587
2013,361,0.108851901
2013,362,0.446675322
2013,363,0.436713336
2013,364,0.030411677
2013,365,0.101156478
2014,1,
2014,2,
2014,3,
2014,4,
2014,5,
2014,6,
2014,7,
2014,8,
2014,9,
2014,10,
2014,11,
2014,12,
2014,13,
2014,14,
2014,15,
2014,16,
2014,17,
2014,18,
2014,19,
2014,20,
2014,21,
2014,22,
2014,23,
2014,24,
2014,25,
2014,26,
2014,27,
2014,28,
2014,29,
2014,30,
2014,31,
2014,32,
2014,33,
2014,34,
2014,35,
2014,36,
2014,37,
2014,38,
2014,39,
2014,40,
2014,41,
2014,42,
2014,43,
2014,44,
2014,45,
2014,46,
2014,47,
2014,48,
2014,49,
2014,50,
2014,51,
2014,52,
2014,53,
2014,54,
2014,55,
2014,56,
2014,57,
2014,58,
2014,59,
2014,60,
2014,61,
2014,62,
2014,63,
2014,64,
2014,65,
2014,66,
2014,67,
2014,68,
2014,69,
2014,70,
2014,71,
2014,72,
2014,73,
2014,74,
2014,75,
2014,76,
2014,77,
2014,78,
2014,79,
2014,80,
2014,81,
2014,82,
2014,83,
2014,84,
2014,85,
2014,86,
2014,87,
2014,88,
2014,89,
2014,90,
2014,91,
2014,92,
2014,93,
2014,94,
2014,95,
2014,96,
2014,97,
2014,98,
2014,99,
2014,100,
2014,101,
2014,102,
2014,103,
2014,104,
2014,105,
2014,106,
2014,107,
2014,108,
2014,109,
2014,110,
2014,111,
2014,112,
2014,113,
2014,114,
2014,115,
2014,116,
2014,117,
2014,118,
2014,119,
2014,120,
2014,121,
2014,122,
2014,123,
2014,124,
2014,125,
2014,126,
2014,127,
2014,128,
2014,129,
2014,130,
2014,131,
2014,132,
2014,133,
2014,134,
2014,135,
2014,136,
2014,137,
2014,138,
2014,139,
2014,140,
2014,141,
2014,142,
2014,143,
2014,144,
2014,145,
2014,146,
2014,147,
2014,148,
2014,149,
2014,150,
2014,151,
2014,152,
2014,153,
2014,154,
2014,155,
2014,156,
2014,157,
2014,158,
2014,159,
2014,160,
2014,161,
2014,162,
2014,163,
2014,164,
2014,165,
2014,166,
2014,167,
2014,168,
2014,169,
2014,170,
2014,171,
2014,172,
2014,173,
2014,174,
2014,175,
2014,176,
2014,177,
2014,178,
2014,179,
2014,180,
2014,181,
2014,182,
2014,183,
2014,184,
2014,185,
2014,186,
2014,187,
2014,188,
2014,189,
2014,190,
2014,191,
2014,192,
2014,193,
2014,194,
2014,195,
2014,196,
2014,197,
2014,198,
2014,199,
2014,200,
2014,201,
2014,202,
2014,203,
2014,204,
2014,205,
2014,206,
2014,207,
2014,208,
2014,209,
2014,210,
2014,211,
2014,212,
2014,213,
2014,214,
2014,215,
2014,216,
2014,217,
2014,218,
2014,219,
2014,220,
2014,221,
2014,222,
2014,223,
2014,224,
2014,225,
2014,226,
2014,227,
2014,228,
2014,229,
2014,230,
2014,231,
2014,232,
2014,233,
2014,234,
2014,235,
2014,236,
2014,237,
2014,238,
2014,239,
2014,240,
2014,241,
2014,242,
2014,243,
2014,244,
2014,245,
2014,246,
2014,247,
2014,248,
2014,249,
2014,250,
2014,251,
2014,252,
2014,253,
2014,254,
2014,255,
2014,256,
2014,257,
2014,258,
2014,259,
2014,260,
2014,261,
2014,262,
2014,263,
2014,264,
2014,265,
2014,266,
2014,267,
2014,268,
2014,269,
2014,270,
2014,271,
2014,272,
2014,273,
2014,274,
2014,275,
2014,276,
2014,277,
2014,278,
2014,279,
2014,280,
2014,281,
2014,282,
2014,283,
2014,284,
2014,285,
2014,286,
2014,287,
2015,1,0.6795896
2015,2,0.5549326
2015,3,0.6155928
2015,4,-0.0457668
2015,5,0.2916034
2015,6,0.44907134
2015,7,0.2920935
2015,8,0.429154821
2015,9,0.3445542
2015,10,0.29836394
2015,11,0.31753686
2015,12,0.34293169
2015,13,0.4940795
2015,14,0.2541274
2015,15,0.5070162
2015,16,-0.010142906
2015,17,-0.309590486
2015,18,-0.405967032
2015,19,-0.08450699
2015,20,-0.5674422
2015,21,-0.4067445
2015,22,-0.512041
2015,23,-0.632514456
2015,24,-0.13222803
2015,25,-0.09740408
2015,26,-0.31232492
2015,27,-0.2769716
2015,28,-0.1846877
2015,29,-0.220493836
2015,30,0.12230169
2015,31,0.4388729
2015,32,0.236325002
2015,33,0.18328846
2015,34,0.6532351
2015,35,0.633946
2015,36,0.44620151
2015,37,0.4966381
2015,38,0.44865366
2015,39,0.47346956
2015,40,0.5460731
2015,41,0.52426676
2015,42,0.2143948
2015,43,0.3387093
2015,44,0.3076837
2015,45,0.37249896
2015,46,0.255569
2015,47,0.812386387
2015,48,0.694536916
2015,49,0.63597957
2015,50,0.43974278
2015,51,0.602628
2015,52,0.942934401
2015,53,0.910688273
2015,54,0.798144209
2015,55,0.814428481
2015,56,0.5951473
2015,57,0.6673963
2015,58,0.70599398
2015,59,0.5545369
2015,60,0.79268462
2015,61,0.707334293
2015,62,0.583484989
2015,63,0.797051781
2015,64,0.32275652
2015,65,0.3709219
2015,66,0.47271213
2015,67,0.47425897
2015,68,0.5827619
2015,69,0.36145722
2015,70,0.3551444
2015,71,0.337694
2015,72,0.3870123
2015,73,0.3312946
2015,74,0.33395114
2015,75,0.66600115
2015,76,0.457849001
2015,77,0.653563065
2015,78,0.809618598
2015,79,0.745429039
2015,80,0.907478438
2015,81,0.592148832
2015,82,0.578668634
2015,83,0.727969597
2015,84,1.417277845
2015,85,1.527122867
2015,86,1.66519825
2015,87,1.277108963
2015,88,1.394005312
2015,89,1.652345043
2015,90,1.391048973
2015,91,0.857438811
2015,92,1.812938539
2015,93,0.540438381
2015,94,0.99116867
2015,95,-0.1436737
2015,96,0.764838525
2015,97,1.163030078
2015,98,1.090993283
2015,99,1.465012745
2015,100,1.266806916
2015,101,0.768601897
2015,102,1.26651802
2015,103,1.666248995
2015,104,1.610144963
2015,105,1.926454796
2015,106,2.012427292
2015,107,1.971030767
2015,108,2.143879422
2015,109,2.216682083
2015,110,2.020345132
2015,111,1.893381074
2015,112,2.066431023
2015,113,2.421109659
2015,114,2.861888868
2015,115,3.044105023
2015,116,3.434848061
2015,117,3.619195942
2015,118,3.397861424
2015,119,3.470687843
2015,120,3.684949005
2015,121,3.770049588
2015,122,3.971230979
2015,123,4.043672953
2015,124,3.852631841
2015,125,3.601632419
2015,126,3.708918506
2015,127,4.031768116
2015,128,4.11895507
2015,129,4.173919913
2015,130,4.007874208
2015,131,3.811027543
2015,132,3.875111077
2015,133,3.954308917
2015,134,3.996060082
2015,135,4.068698598
2015,136,3.928734682
2015,137,3.843435397
2015,138,3.854217137
2015,139,3.9016961
2015,140,3.891104423
2015,141,3.848171846
2015,142,3.537913892
2015,143,3.543963502
2015,144,2.963851039
2015,145,2.765326207
2015,146,3.076692141
2015,147,3.382140213
2015,148,3.389049425
2015,149,3.714009163
2015,150,4.397599978
2015,151,4.891819209
2015,152,4.546617791
2015,153,5.595926
2015,154,5.466275146
2015,155,6.769446676
2015,156,7.116144838
2015,157,6.104743343
2015,158,5.001362291
2015,159,4.000803011
2015,160,3.007636739
2015,161,2.126886087
2015,162,2.506631404
2015,163,3.226176471
2015,164,4.199902351
2015,165,4.965254693
2015,166,5.738751655
2015,167,5.976606512
2015,168,6.130339176
2015,169,6.736440556
2015,170,6.857493232
2015,171,7.185437818
2015,172,7.18850042
2015,173,7.302194644
2015,174,6.872862394
2015,175,6.107978729
2015,176,6.11193333
2015,177,5.471981347
2015,178,5.152056111
2015,179,5.119436597
2015,180,5.228927843
2015,181,5.253851977
2015,182,5.203956193
2015,183,5.643793728
2015,184,6.36724156
2015,185,7.45162498
2015,186,8.207366196
2015,187,8.344319346
2015,188,6.738719149
2015,189,6.122561724
2015,190,5.481391612
2015,191,5.59471219
2015,192,5.427614661
2015,193,5.264201756
2015,194,5.196055631
2015,195,4.66157766
2015,196,4.997818053
2015,197,5.604232604
2015,198,5.97310979
2015,199,6.176340835
2015,200,6.809515353
2015,201,7.923926523
2015,202,8.57185682
2015,203,9.126109954
2015,204,9.376986267
2015,205,9.370802749
2015,206,8.499617868
2015,207,7.194634262
2015,208,6.731911448
2015,209,6.551362662
2015,210,6.297479902
2015,211,6.483745689
2015,212,6.183906627
2015,213,5.846711601
2015,214,5.997409741
2015,215,6.395198058
2015,216,6.403239007
2015,217,6.169379787
2015,218,5.851113281
2015,219,5.518101794
2015,220,5.563021391
2015,221,5.445538871
2015,222,4.318056569
2015,223,3.731060813
2015,224,3.388531072
2015,225,3.541974322
2015,226,3.536568334
2015,227,3.694940256
2015,228,3.640705427
2015,229,3.750691268
2015,230,3.56146871
2015,231,3.523758538
2015,232,3.743250745
2015,233,4.007496242
2015,234,3.930758418
2015,235,3.585582918
2015,236,3.335462536
2015,237,3.241351252
2015,238,3.354149157
2015,239,2.959596226
2015,240,2.622347205
2015,241,2.542788677
2015,242,2.65683063
2015,243,2.989544063
2015,244,3.548246392
2015,245,4.347248476
2015,246,6.041582045
2015,247,6.617893253
2015,248,6.736760207
2015,249,6.784817998
2015,250,6.870784663
2015,251,6.472022274
2015,252,6.171889479
2015,253,5.909777868
2015,254,5.096788896
2015,255,3.423392463
2015,256,2.903197273
2015,257,2.963004396
2015,258,2.669119913
2015,259,2.540976602
2015,260,2.273657704
2015,261,2.112182143
2015,262,1.833059918
2015,263,1.627474688
2015,264,1.555911754
2015,265,1.758155768
2015,266,2.232072844
2015,267,2.58587676
2015,268,3.007049272
2015,269,2.683253668
2015,270,2.624241353
2015,271,2.320210112
2015,272,1.522968268
2015,273,1.023718639
2015,274,0.583668579
2015,275,0.625507432
2015,276,0.713139089
2015,277,0.774201058
2015,278,0.805877602
2015,279,1.151867198
2015,280,1.418729449
2015,281,0.924716911
2015,282,1.004265071
2015,283,0.807407175
2015,284,1.071752456
2015,285,0.775075563
2015,286,0.796562369
2015,287,0.915839686
2015,288,1.272882443
2015,289,1.327482712
2015,290,1.366803665
2015,291,1.394173777
2015,292,1.410185697
2015,293,1.340587752
2015,294,1.208469323
2015,295,1.217457
2015,296,1.480348647
2015,297,1.136928851
2015,298,0.898789548
2015,299,1.084394435
2015,300,1.619595724
2015,301,0.96497866
2015,302,0.83645
2015,303,0.739315
2015,304,0.8320475
2015,305,0.7565351
2015,306,0.8080632
2015,307,0.8428386
2015,308,0.6003204
2015,309,0.9071813
2015,310,0.884018
2015,311,0.737037
2015,312,0.724374
2015,313,0.749309
2015,314,0.8362866
2015,315,0.5911774
2015,316,0.2954183
2015,317,0.3161723
2015,318,0.3177933
2015,319,0.4357779
2015,320,0.3677049
2015,321,0.3052323
2015,322,0.2782048
2015,323,0.331579816
2015,324,0.5336131
2015,325,0.7425434
2015,326,0.46200265
2015,327,0.4855988
2015,328,0.4798864
2015,329,0.5291196
2015,330,0.5233987
2015,331,0.6378375
2015,332,0.683005
2015,333,0.5521953
2015,334,0.6423594
2015,335,0.602347
2015,336,0.602046
2015,337,0.602046
2015,338,0.6283709
2015,339,0.6574393
2015,340,0.7661524
2015,341,0.774117
2015,342,0.536769
2015,343,0.772721
2015,344,0.586829
2015,345,0.591093
2015,346,0.8378485
2015,347,0.72239369
2015,348,0.72890699
2015,349,0.48703297
2015,350,0.5070888
2015,351,0.610414
2015,352,0.6458367
2015,353,0.6040642
2015,354,0.6222108
2015,355,0.47196016
2015,356,0.53093524
2015,357,0.42832884
2015,358,0.3717454
2015,359,0.375740544
2015,360,0.4196182
2015,361,0.5912901
2015,362,0.5782612
2015,363,0.78569525
2015,364,0.8316513
2015,365,0.8983904
2016,1,0.8027397
2016,2,0.9222738
2016,3,0.9224441
2016,4,0.7989484
2016,5,0.8205736
2016,6,0.7565166
2016,7,0.828093
2016,8,0.752653
2016,9,0.7346465
2016,10,0.7462407
2016,11,0.6354771
2016,12,0.684771
2016,13,0.52540932
2016,14,0.5179635
2016,15,0.4905978
2016,16,0.6200194
2016,17,0.5446824
2016,18,0.5304971
2016,19,0.27692472
2016,20,0.55520542
2016,21,0.6543442
2016,22,0.57674289
2016,23,0.5255381
2016,24,0.5955029
2016,25,0.5845737
2016,26,0.6161044
2016,27,0.6343883
2016,28,0.7095684
2016,29,0.48653764
2016,30,0.39140728
2016,31,0.93830835
2016,32,1.0903152
2016,33,0.6717362
2016,34,0.73145154
2016,35,0.392898812
2016,36,1.0791664
2016,37,1.23943049
2016,38,1.4663513
2016,39,1.3207128
2016,40,1.8042095
2016,41,1.3790003
2016,42,1.4716222
2016,43,1.2244715
2016,44,1.0248263
2016,45,0.9758084
2016,46,0.8116573
2016,47,1.0152188
2016,48,0.67741172
2016,49,1.1921083
2016,50,0.73745861
2016,51,0.76219512
2016,52,0.592829602
2016,53,0.866440657
2016,54,0.961072648
2016,55,0.710665466
2016,56,0.977770328
2016,57,1.090014892
2016,58,0.960306155
2016,59,1.185341282
2016,60,1.157240508
2016,61,0.952829563
2016,62,0.980322
2016,63,0.99596466
2016,64,0.86928176
2016,65,0.30309102
2016,66,0.4751974
2016,67,0.60353754
2016,68,0.87406065
2016,69,0.7306415
2016,70,0.784552133
2016,71,0.820947416
2016,72,0.695483558
2016,73,1.1615557
2016,74,1.787504
2016,75,1.7275791
2016,76,1.207582
2016,77,1.7404303
2016,78,1.7865971
2016,79,1.082378
2016,80,0.74782964
2016,81,0.819013744
2016,82,0.982638957
2016,83,0.967112993
2016,84,1.242264419
2016,85,1.967221306
2016,86,2.086723458
2016,87,1.678687736
2016,88,1.732815223
2016,89,1.991199662
2016,90,1.74847164
2016,91,1.745320055
2016,92,0.992530491
2016,93,1.367246425
2016,94,1.587735812
2016,95,1.859919668
2016,96,1.729397982
2016,97,2.256817931
2016,98,2.194070127
2016,99,2.19383784
2016,100,2.481908132
2016,101,2.677141424
2016,102,2.54430054
2016,103,2.272003294
2016,104,2.057590946
2016,105,2.00024384
2016,106,1.830187379
2016,107,1.721318157
2016,108,1.856850155
2016,109,1.889964265
2016,110,2.012597917
2016,111,2.129920611
2016,112,2.260418107
2016,113,2.52076084
2016,114,2.700376591
2016,115,2.627379547
2016,116,2.716547041
2016,117,2.726212163
2016,118,2.633541467
2016,119,2.520179853
2016,120,2.60425237
2016,121,2.569857497
2016,122,2.626869834
2016,123,2.423681985
2016,124,2.332641942
2016,125,2.141175348
2016,126,2.075305656
2016,127,2.088484778
2016,128,2.062232364
2016,129,2.386978282
2016,130,2.685039826
2016,131,2.982550619
2016,132,3.459243043
2016,133,3.728097562
2016,134,3.730026267
2016,135,3.764894137
2016,136,3.348892195
2016,137,2.900722138
2016,138,2.46190835
2016,139,2.466402902
2016,140,2.686510652
2016,141,2.938898827
2016,142,3.161041113
2016,143,3.24566222
2016,144,3.368237557
2016,145,3.685264336
2016,146,4.050348907
2016,147,4.387172446
2016,148,4.940993619
2016,149,5.275458653
2016,150,5.010433466
2016,151,4.728779951
2016,152,4.046284156
2016,153,3.208165869
2016,154,2.361689141
2016,155,1.710043982
2016,156,2.05281994
2016,157,2.809094628
2016,158,3.702765225
2016,159,4.940166414
2016,160,5.5347582
2016,161,5.946362782
2016,162,6.766971541
2016,163,7.198474393
2016,164,6.562187598
2016,165,5.942060453
2016,166,5.09222523
2016,167,4.660396248
2016,168,4.283080709
2016,169,3.724987445
2016,170,3.341095304
2016,171,4.011621467
2016,172,4.523978729
2016,173,5.558243905
2016,174,7.001491661
2016,175,8.37132553
2016,176,9.292207494
2016,177,9.604618773
2016,178,9.225847527
2016,179,8.835342067
2016,180,8.665492948
2016,181,8.116183605
2016,182,7.319121025
2016,183,7.042057093
2016,184,7.397897704
2016,185,8.060074066
2016,186,8.686671983
2016,187,9.353977878
2016,188,9.885524996
2016,189,10.35611814
2016,190,10.58864476
2016,191,10.95094318
2016,192,10.19275059
2016,193,9.316950205
2016,194,9.082911721
2016,195,8.7586388
2016,196,7.970647396
2016,197,7.314391055
2016,198,6.610638473
2016,199,5.673059067
2016,200,4.615392419
2016,201,3.507687439
2016,202,3.431947445
2016,203,3.691668154
2016,204,4.135766981
2016,205,4.559675964
2016,206,5.043379111
2016,207,5.576189714
2016,208,5.995133308
2016,209,6.467920807
2016,210,6.489423812
2016,211,6.383368814
2016,212,6.350323818
2016,213,6.326626452
2016,214,6.565779351
2016,215,6.603899886
2016,216,5.949341151
2016,217,6.30003279
2016,218,6.121853308
2016,219,5.576636793
2016,220,5.26811748
2016,221,5.419057518
2016,222,5.211606218
2016,223,5.232804691
2016,224,5.553729916
2016,225,6.359202771
2016,226,7.296838331
2016,227,7.757623802
2016,228,7.553278298
2016,229,6.963118429
2016,230,6.152017126
2016,231,5.458908056
2016,232,5.162144554
2016,233,4.605673302
2016,234,4.26954306
2016,235,3.978440404
2016,236,4.088964036
2016,237,4.303298631
2016,238,4.399157197
2016,239,4.723693613
2016,240,4.812144052
2016,241,5.046124221
2016,242,5.598243469
2016,243,6.10598523
2016,244,6.309853417
2016,245,6.272268514
2016,246,6.467573079
2016,247,6.852687668
2016,248,6.245683491
2016,249,4.82229513
2016,250,3.502426158
2016,251,3.18417045
2016,252,3.266081004
2016,253,3.492367952
2016,254,3.630303812
2016,255,3.749775511
2016,256,4.23807688
2016,257,3.946697769
2016,258,3.857525956
2016,259,4.192593575
2016,260,3.689015915
2016,261,3.873815195
2016,262,3.796168094
2016,263,3.849206392
2016,264,4.147721494
2016,265,4.283283731
2016,266,4.018180791
2016,267,3.252526076
2016,268,2.776436237
2016,269,2.392151012
2016,270,1.833684101
2016,271,1.582840185
2016,272,1.533063191
2016,273,1.534637688
2016,274,1.37664589
2016,275,1.474653461
2016,276,1.310629332
2016,277,1.10655294
2016,278,1.022502237
2016,279,1.085031361
2016,280,1.364894831
2016,281,1.569185907
2016,282,1.857292915
2016,283,2.056057486
2016,284,2.51250607
2016,285,2.814800829
2016,286,2.863906125
2016,287,2.730674317
2016,288,2.52141526
2016,289,2.171917993
2016,290,2.001526763
2016,291,1.986563643
2016,292,1.907136864
2016,293,1.647640775
2016,294,1.429768421
2016,295,1.619010417
2016,296,1.151924368
2016,297,0.995236228
2016,298,1.06684495
2016,299,1.222405888
2016,300,1.226596339
2016,301,1.007854449
2016,302,0.914866478
2016,303,1.335626899
2016,304,1.336762956
2016,305,1.17315135
2016,306,1.081721462
2016,307,1.485595026
2016,308,1.525294377
2016,309,2.176051857
2016,310,2.317776013
2016,311,2.367853221
2016,312,2.313830052
2016,313,1.954551034
2016,314,0.8170555
2016,315,1.47563187
2016,316,1.1180148
2016,317,0.79457335
2016,318,0.9542063
2016,319,0.8849683
2016,320,0.966626
2016,321,1.0585057
2016,322,0.9825578
2016,323,0.9232038
2016,324,0.6342364
2016,325,0.7785753
2016,326,0.9240382
2016,327,0.8701273
2016,328,0.7832696
2016,329,0.70756337
2016,330,0.8138243
2016,331,0.9717909
2016,332,1.2461578
2016,333,1.295621
2016,334,1.457793
2016,335,0.892292
2016,336,1.5619411
2016,337,2.3587232
2016,338,1.3548773
2016,339,1.784229
2016,340,2.408797
2016,341,1.76756
2016,342,1.834081
2016,343,2.366845
2016,344,1.8916146
2016,345,1.8623097
2016,346,0.7823377
2016,347,0.8504072
2016,348,0.6708854
2016,349,0.619186802
2016,350,0.569024174
2016,351,0.35359722
2016,352,0.4753605
2016,353,0.8288158
2016,354,1.4626264
2016,355,0.6842819
2016,356,0.6573339
2016,357,0.9720158
2016,358,0.587359
2016,359,0.471674
2016,360,0.5684501
2016,361,1.3732713
2016,362,1.6887235
2016,363,0.9357472
2016,364,1.04031887
2016,365,0.6715995
2016,366,0.8978826
2017,1,0.9805003
2017,2,0.6105421
2017,3,0.8884597
2017,4,1.096048
2017,5,0.7311297
2017,6,1.0121512
2017,7,0.8163962
2017,8,1.0020018
2017,9,1.336317
2017,10,2.509496
2017,11,1.2387241
2017,12,1.0527241
2017,13,0.77245816
2017,14,0.6127356
2017,15,1.07576
2017,16,1.1367066
2017,17,1.088457
2017,18,0.4527482
2017,19,0.7406169
2017,20,0.5215649
2017,21,1.2502958
2017,22,0.983598
2017,23,0.90741724
2017,24,0.99450024
2017,25,0.9088248
2017,26,0.69663425
2017,27,0.9789171
2017,28,1.1572712
2017,29,0.8906464
2017,30,0.58379126
2017,31,1.0548059
2017,32,0.4390725
2017,33,1.0965599
2017,34,0.5866043
2017,35,0.848629
2017,36,1.7946271
2017,37,1.7665758
2017,38,1.2980765
2017,39,0.7952353
2017,40,1.0204124
2017,41,1.0973022
2017,42,1.0680843
2017,43,1.0777425
2017,44,0.561341
2017,45,0.8856723
2017,46,1.08061506
2017,47,1.0592913
2017,48,0.9677532
2017,49,0.59435965
2017,50,0.6267094
2017,51,1.0385062
2017,52,0.87988041
2017,53,0.64436406
2017,54,0.80571958
2017,55,0.367672231
2017,56,0.289787854
2017,57,0.314766113
2017,58,0.40616889
2017,59,0.52857789
2017,60,0.5725585
2017,61,0.90153305
2017,62,0.81996062
2017,63,0.5946413
2017,64,0.7984134
2017,65,1.0782742
2017,66,0.99213413
2017,67,0.77365485
2017,68,0.96514929
2017,69,0.2481137
2017,70,0.4327007
2017,71,0.72931793
2017,72,0.7467951
2017,73,0.6199847
2017,74,0.79123004
2017,75,0.75333861
2017,76,0.85495718
2017,77,0.77618978
2017,78,0.52136843
2017,79,0.70206118
2017,80,0.5417529
2017,81,0.47570121
2017,82,0.57814671
2017,83,0.48957451
2017,84,0.44009045
2017,85,0.48826205
2017,86,0.39954745
2017,87,0.5318254
2017,88,0.50123653
2017,89,0.65938811
2017,90,1.067543906
2017,91,1.183771925
2017,92,1.155677826
2017,93,1.13767718
2017,94,1.297915
2017,95,1.121728153
2017,96,1.107216216
2017,97,0.4828513
2017,98,0.920318687
2017,99,1.453885869
2017,100,1.751977217
2017,101,1.674760284
2017,102,1.78380538
2017,103,1.963971665
2017,104,1.743660461
2017,105,1.358577837
2017,106,1.147224635
2017,107,1.020837461
2017,108,1.293085463
2017,109,1.188288982
2017,110,1.376767055
2017,111,1.774426649
2017,112,2.41802006
2017,113,3.016477679
2017,114,3.488148776
2017,115,3.851173973
2017,116,3.511937069
2017,117,4.043606
2017,118,4.349926632
2017,119,4.029385852
2017,120,3.629521964
2017,121,3.185226594
2017,122,3.166164167
2017,123,3.163216035
2017,124,2.884540889
2017,125,2.936050046
2017,126,3.457932043
2017,127,3.710052403
2017,128,3.830632081
2017,129,3.454783049
2017,130,3.585533242
2017,131,3.571790412
2017,132,3.658795942
2017,133,3.439683862
2017,134,3.343635233
2017,135,3.46675916
2017,136,3.786909016
2017,137,3.730479826
2017,138,3.481804352
2017,139,2.837919367
2017,140,2.716177715
2017,141,2.824377398
2017,142,2.543404221
2017,143,2.400060213
2017,144,2.383021522
2017,145,2.164989343
2017,146,2.416826769
2017,147,2.984014966
2017,148,4.140518549
2017,149,4.556319629
2017,150,3.689126065
2017,151,4.744697704
2017,152,6.253076499
2017,153,7.411264729
2017,154,7.194703376
2017,155,6.694968007
2017,156,5.848949157
2017,157,5.46689069
2017,158,5.732859711
2017,159,6.06814979
2017,160,6.542088465
2017,161,6.025208574
2017,162,4.181420911
2017,163,4.347401822
2017,164,4.692527647
2017,165,5.70581249
2017,166,5.62847856
2017,167,5.675395975
2017,168,5.053417878
2017,169,5.226171934
2017,170,5.105460507
2017,171,4.641348939
2017,172,4.873743812
2017,173,5.557509572
2017,174,5.996239127
2017,175,6.629955757
2017,176,6.651327014
2017,177,7.89833069
2017,178,8.235400447
2017,179,8.287248694
2017,180,9.08995916
2017,181,7.907103812
2017,182,8.227353019
2017,183,7.070045989
2017,184,6.876894748
2017,185,7.758282542
2017,186,8.814489163
2017,187,10.13155903
2017,188,9.894272201
2017,189,10.03131606
2017,190,9.450292163
2017,191,8.121028045
2017,192,8.375128945
2017,193,9.277989506
2017,194,8.185599695
2017,195,7.395511121
2017,196,4.866562465
2017,197,3.82195399
2017,198,2.828895708
2017,199,1.718167003
2017,200,0.931221808
2017,201,0.899977008
2017,202,1.423035233
2017,203,2.127769878
2017,204,3.143833957
2017,205,2.891877742
2017,206,3.683990052
2017,207,4.718097562
2017,208,5.66994679
2017,209,6.437227838
2017,210,6.608997022
2017,211,6.961958615
2017,212,6.955068841
2017,213,6.191841745
2017,214,5.538773275
2017,215,6.386206796
2017,216,6.638324996
2017,217,7.241776297
2017,218,7.808670761
2017,219,7.547027827
2017,220,7.494125596
2017,221,7.413945045
2017,222,7.611346779
2017,223,7.453670314
2017,224,8.393940835
2017,225,8.244007265
2017,226,7.045337835
2017,227,7.082540453
2017,228,6.117337158
2017,229,5.20828228
2017,230,4.834737758
2017,231,4.178740595
2017,232,4.438655686
2017,233,4.357606894
2017,234,3.951179362
2017,235,4.169708296
2017,236,4.915466899
2017,237,5.128252915
2017,238,5.437286261
2017,239,5.173531039
2017,240,5.644337998
2017,241,5.233731246
2017,242,5.742075593
2017,243,5.816824238
2017,244,5.350669496
2017,245,4.272555986
2017,246,4.10024901
2017,247,4.358043174
2017,248,2.681441593
2017,249,3.234096471
2017,250,2.285871394
2017,251,2.231394234
2017,252,2.270590783
2017,253,2.063986125
2017,254,2.004904696
2017,255,2.173892053
2017,256,2.327477851
2017,257,2.039537148
2017,258,2.157611454
2017,259,2.235472375
2017,260,2.240524156
2017,261,2.014850592
2017,262,2.000513815
2017,263,1.600081898
2017,264,1.926445077
2017,265,2.260513139
2017,266,2.454174093
2017,267,2.123711175
2017,268,2.087553902
2017,269,2.136616002
2017,270,2.303828001
2017,271,1.704964123
2017,272,1.557674153
2017,273,1.644468023
2017,274,2.118592441
2017,275,2.765222536
2017,276,2.654683785
2017,277,2.392673684
2017,278,2.161337115
2017,279,1.833396848
2017,280,1.810647636
2017,281,1.5175558
2017,282,1.248202367
2017,283,1.325817071
2017,284,1.108909502
2017,285,1.045441944
2017,286,1.212790442
2017,287,1.136824316
2017,288,1.180935282
2017,289,1.032115307
2017,290,1.262419707
2017,291,1.350851355
2017,292,0.946876496
2017,293,0.581130594
2017,294,0.515172566
2017,295,0.561475517
2017,296,0.702274413
2017,297,1.000975042
2017,298,1.584556149
2017,299,2.306894922
2017,300,1.965738817
2017,301,1.551041396
2017,302,1.267761765
2017,303,1.284869354
2017,304,1.095762993
2017,305,0.789767411
2017,306,0.608901997
2017,307,0.662176146
2017,308,0.4528091
2017,309,0.546711315
2017,310,0.632609
2017,311,0.630495
2017,312,0.609353
2017,313,0.5454802
2017,314,0.618304
2017,315,0.975057
2017,316,0.64114
2017,317,0.6214995
2017,318,0.5830129
2017,319,0.8298984
2017,320,1.0962296
2017,321,1.0432434
2017,322,1.3785457
2017,323,0.67103822
2017,324,1.870699
2017,325,0.88178899
2017,326,1.3929979
2017,327,0.9941279
2017,328,0.8741053
2017,329,0.9827182
2017,330,1.48447453
2017,331,0.9451849
2017,332,0.868944
2017,333,0.9193153
2017,334,0.6980889
2017,335,0.4357285
2017,336,0.46722103
2017,337,0.65850852
2017,338,1.1002057
2017,339,0.9828775
2017,340,0.9601311
2017,341,0.7173296
2017,342,0.901098
2017,343,0.8499778
2017,344,1.3267728
2017,345,1.227682
2017,346,1.328997
2017,347,1.303844
2017,348,1.382399
2017,349,0.9397555
2017,350,0.8851286
2017,351,0.7623379
2017,352,1.14203873
2017,353,0.8122143
2017,354,1.098563
2017,355,0.94992445
2017,356,0.97710727
2017,357,0.977274
2017,358,1.0370282
2017,359,0.8570854
2017,360,0.7330523
2017,361,1.0765506
2017,362,0.90687687
2017,363,0.970584
2017,364,0.9586285
2017,365,0.888171
2018,1,1.025916
2018,2,0.786482
2018,3,0.983112
2018,4,0.941587
2018,5,0.7359482
2018,6,0.6096817
2018,7,0.9354251
2018,8,0.86558894
2018,9,0.7832094
2018,10,0.57475887
2018,11,0.4847089
2018,12,0.6044507
2018,13,0.7678443
2018,14,0.8047441
2018,15,1.02461609
2018,16,1.0708295
2018,17,1.1775029
2018,18,0.74670269
2018,19,0.79662252
2018,20,0.6520097
2018,21,0.983524
2018,22,0.9019035
2018,23,0.9777778
2018,24,1.0439563
2018,25,0.7116932
2018,26,0.7109668
2018,27,0.5711851
2018,28,0.5971779
2018,29,0.6549688
2018,30,0.741421
2018,31,0.7726325
2018,32,0.7415753
2018,33,0.7446992
2018,34,0.4706072
2018,35,0.60414775
2018,36,0.6705119
2018,37,0.59750725
2018,38,0.8107927
2018,39,0.9052746
2018,40,0.5669305
2018,41,0.5957284
2018,42,0.49893532
2018,43,0.53136037
2018,44,0.94704084
2018,45,0.9784825
2018,46,0.9202011
2018,47,0.7000772
2018,48,0.744548
2018,49,0.75174511
2018,50,0.883695
2018,51,0.855859174
2018,52,0.89389585
2018,53,0.852724824
2018,54,1.1299308
2018,55,0.75024105
2018,56,0.61593088
2018,57,0.98246694
2018,58,0.6002874
2018,59,0.6452053
2018,60,0.4847431
2018,61,0.57417905
2018,62,0.7500121
2018,63,0.636819
2018,64,0.5315172
2018,65,0.3372802
2018,66,0.58804594
2018,67,0.48888908
2018,68,0.4191654
2018,69,0.30597891
2018,70,0.59376733
2018,71,0.628263989
2018,72,1.048888559
2018,73,0.2845968
2018,74,0.4876308
2018,75,0.93895881
2018,76,1.033962458
2018,77,0.37498158
2018,78,0.784912907
2018,79,0.482013533
2018,80,0.5030393
2018,81,0.52999412
2018,82,0.778373583
2018,83,0.4638277
2018,84,0.38822309
2018,85,0.3426734
2018,86,0.562634683
2018,87,0.876234718
2018,88,0.749432646
2018,89,0.651116656
2018,90,0.505655
2018,91,0.727067447
2018,92,0.1755913
2018,93,0.3965408
2018,94,0.35573544
2018,95,0.508712809
2018,96,0.600485027
2018,97,0.53147282
2018,98,0.606707421
2018,99,0.733081204
2018,100,0.783126663
2018,101,0.792199782
2018,102,0.832315759
2018,103,0.844371351
2018,104,0.77747748
2018,105,0.938680905
2018,106,1.049392873
2018,107,1.182732671
2018,108,1.275927335
2018,109,1.16560154
2018,110,1.2316246
2018,111,1.501038918
2018,112,2.119614114
2018,113,2.211892373
2018,114,2.44442042
2018,115,2.471938478
2018,116,1.758846041
2018,117,1.936846734
2018,118,1.870819377
2018,119,1.681422048
2018,120,1.504184456
2018,121,1.301577595
2018,122,1.22275556
2018,123,1.399230957
2018,124,1.610518069
2018,125,1.689895173
2018,126,1.657727058
2018,127,1.820787914
2018,128,2.139229365
2018,129,2.478761298
2018,130,2.827709976
2018,131,2.87111555
2018,132,3.380861609
2018,133,4.23181129
2018,134,4.716700169
2018,135,4.606977824
2018,136,4.749334802
2018,137,4.890907772
2018,138,5.542719236
2018,139,5.858136962
2018,140,5.800498282
2018,141,5.992925989
2018,142,6.068773973
2018,143,6.125077895
2018,144,5.717134181
2018,145,6.041474055
2018,146,6.325639422
2018,147,6.590355757
2018,148,6.736963229
2018,149,7.05308937
2018,150,7.08048
2018,151,7.030860671
2018,152,6.983044778
2018,153,7.586839487
2018,154,8.107844603
2018,155,8.120066932
2018,156,8.135503049
2018,157,8.371498315
2018,158,8.24076108
2018,159,8.153552528
2018,160,8.458903409
2018,161,8.098831743
2018,162,7.460246916
2018,163,7.737533308
2018,164,8.334827009
2018,165,8.837221096
2018,166,8.660678746
2018,167,9.25837417
2018,168,9.694440687
2018,169,9.996268928
2018,170,10.18521287
2018,171,10.50833678
2018,172,11.35493661
2018,173,10.45892047
2018,174,10.54546164
2018,175,10.58067292
2018,176,11.13105569
2018,177,11.2213614
2018,178,11.34687407
2018,179,11.37343101
2018,180,11.45411912
2018,181,11.54535354
2018,182,11.72691312
2018,183,10.62888622
2018,184,8.636970581
2018,185,7.445182285
2018,186,6.464473761
2018,187,5.929529272
2018,188,5.41189561
2018,189,4.963479335
2018,190,4.5865612
2018,191,4.291789037
2018,192,3.704719847
2018,193,3.828390205
2018,194,4.475216842
2018,195,4.934034731
2018,196,5.214277895
2018,197,5.66148036
2018,198,6.309885814
2018,199,7.198530548
2018,200,7.153025645
2018,201,6.419042291
2018,202,5.757790325
2018,203,5.137248497
2018,204,4.31793562
2018,205,3.331326512
2018,206,2.445418249
2018,207,1.438242843
2018,208,0.459722048
2018,209,0.479441854
2018,210,1.175616118
2018,211,1.894720153
2018,212,2.658964516
2018,213,2.880955615
2018,214,3.020869856
2018,215,3.370360644
2018,216,3.511585885
2018,217,3.507417464
2018,218,3.169382274
2018,219,2.761723654
2018,220,2.301376624
2018,221,2.259057431
2018,222,2.446118026
2018,223,2.601749157
2018,224,2.839565138
2018,225,2.882789288
2018,226,2.915903398
2018,227,3.477111099
2018,228,4.489845192
2018,229,5.618662253
2018,230,5.902460453
2018,231,5.324484036
2018,232,5.528453733
2018,233,5.357446959
2018,234,4.776963011
2018,235,4.636359793
2018,236,4.318330865
2018,237,4.231014322
2018,238,4.077854006
2018,239,4.542313302
2018,240,4.695944456
2018,241,4.873869081
2018,242,4.41429958
2018,243,3.928361036
2018,244,3.448746398
2018,245,3.292132555
2018,246,3.026999378
2018,247,2.774436259
2018,248,2.739810286
2018,249,2.701482411
2018,250,2.690696351
2018,251,2.566140475
2018,252,2.406159498
2018,253,2.513095697
2018,254,2.646552124
2018,255,2.89266823
2018,256,2.919968148
2018,257,2.839841593
2018,258,2.916026507
2018,259,2.763553008
2018,260,3.02125862
2018,261,3.075219155
2018,262,3.068836935
2018,263,3.238897715
2018,264,3.421556629
2018,265,3.453692348
2018,266,3.608720895
2018,267,3.69556228
2018,268,3.739797218
2018,269,3.243733515
2018,270,2.840051094
2018,271,2.948682738
2018,272,3.142078037
2018,273,2.777658686
2018,274,3.097642236
2018,275,2.666858598
2018,276,2.557628688
2018,277,2.712177758
2018,278,2.157842553
2018,279,1.889962105
2018,280,1.612587161
2018,281,1.15810119
2018,282,1.208725476
2018,283,1.574879149
2018,284,1.616269626
2018,285,1.7690239
2018,286,1.760535871
2018,287,1.807697344
2018,288,1.878530265
2018,289,1.980518353
2018,290,1.702605618
2018,291,1.593274197
2018,292,1.475884549
2018,293,1.374304663
2018,294,1.291577704
2018,295,1.257945241
2018,296,1.34140783
2018,297,1.289388311
2018,298,0.981094266
2018,299,0.868703699
2018,300,0.634740592
2018,301,0.439343156
2018,302,0.388832908
2018,303,0.305662757
2018,304,0.41786974
2018,305,0.5902603
2018,306,0.813719634
2018,307,0.782113067
2018,308,0.570840209
2018,309,0.484382837
2018,310,0.543740937
2018,311,0.694155279
2018,312,0.637606004
2018,313,0.538794987
2018,314,0.673918999
2018,315,0.742425811
2018,316,0.950085965
2018,317,0.834789598
2018,318,1.0547339
2018,319,0.9773583
2018,320,1.140949
2018,321,1.149921
2018,322,1.085171
2018,323,1.2403743
2018,324,1.0790767
2018,325,1.1315576
2018,326,1.0315686
2018,327,1.0286553
2018,328,0.972451
2018,329,0.981256
2018,330,0.6510298
2018,331,0.9658076
2018,332,1.171231
2018,333,0.972374
2018,334,0.7078807
2018,335,0.8898115
2018,336,0.89936
2018,337,0.8139628
2018,338,0.6312301
2018,339,0.7833223
2018,340,0.81270643
2018,341,1.019722
2018,342,0.8444093
2018,343,1.0313606
2018,344,0.9568416
2018,345,0.9681686
2018,346,0.993723
2018,347,1.0245751
2018,348,1.1369509
2018,349,1.1248479
2018,350,1.067031
2018,351,1.060539
2018,352,1.101832
2018,353,1.062772
2018,354,1.184041
2018,355,1.1582325
2018,356,1.096649
2018,357,1.2530319
2018,358,1.5103676
2018,359,1.0904683
2018,360,1.086725
2018,361,1.080865
2018,362,1.053218
2018,363,1.1371
2018,364,1.222434
2018,365,0.9962379
2019,1,2.090274
2019,2,1.763306
2019,3,1.381943
2019,4,1.5348423
2019,5,2.162033
2019,6,2.2714589
2019,7,2.2149983
2019,8,0.906247
2019,9,0.7970232
2019,10,1.2790293
2019,11,1.657314
2019,12,1.818661
2019,13,0.9494393
2019,14,0.706428
2019,15,0.6942108
2019,16,0.6094819
2019,17,0.5917949
2019,18,0.4786851
2019,19,0.4711274
2019,20,0.4910634
2019,21,0.672689
2019,22,0.468484
2019,23,0.49694673
2019,24,0.48072723
2019,25,0.4457195
2019,26,0.4598056
2019,27,0.50029929
2019,28,0.501972
2019,29,0.5073584
2019,30,0.5558515
2019,31,0.551704
2019,32,0.54986908
2019,33,0.48274612
2019,34,0.50048588
2019,35,0.3919408
2019,36,0.29900634
2019,37,0.3505246
2019,38,0.27154312
2019,39,0.40477897
2019,40,0.5271761
2019,41,0.5088118
2019,42,0.5202569
2019,43,0.41552021
2019,44,0.5136026
2019,45,0.68776379
2019,46,0.67301708
2019,47,0.7013448
2019,48,0.3913584
2019,49,0.5043744
2019,50,0.578255
2019,51,0.41081673
2019,52,0.59523231
2019,53,0.5751407
2019,54,0.45224224
2019,55,0.6556136
2019,56,0.4061964
2019,57,1.00000297
2019,58,0.54118725
2019,59,0.7840997
2019,60,0.859780902
2019,61,0.76429159
2019,62,0.5866831
2019,63,0.57806643
2019,64,0.72453873
2019,65,0.39109342
2019,66,0.34013527
2019,67,0.640295175
2019,68,0.865205897
2019,69,0.814512713
2019,70,0.776753298
2019,71,0.867950143
2019,72,0.645920816
2019,73,0.664652145
2019,74,0.859879821
2019,75,1.089420082
2019,76,1.314189552
2019,77,1.38775808
2019,78,0.831068688
2019,79,1.476891449
2019,80,1.787429962
2019,81,2.149532276
2019,82,1.693104641
2019,83,2.012156237
2019,84,2.190816275
2019,85,2.301979209
2019,86,2.064933847
2019,87,2.128984984
2019,88,1.816989035
2019,89,1.863891547
2019,90,2.179835185
2019,91,2.06835152
2019,92,1.699662237
2019,93,0.4981708
2019,94,0.687877162
2019,95,1.122132468
2019,96,1.099061661
2019,97,1.497040473
2019,98,1.617752332
2019,99,1.692548924
2019,100,1.910320415
2019,101,2.209276117
2019,102,2.270651257
2019,103,2.00552024
2019,104,1.841595462
2019,105,1.555153878
2019,106,1.375501194
2019,107,0.957068394
2019,108,0.788680814
2019,109,0.736598877
2019,110,1.125161377
2019,111,1.77678321
2019,112,2.340261729
2019,113,2.036697006
2019,114,2.478212708
2019,115,2.839809196
2019,116,3.041109376
2019,117,3.305339755
2019,118,3.502061151
2019,119,3.868204025
2019,120,3.967291497
2019,121,3.707382885
2019,122,3.109525476
2019,123,2.467724701
2019,124,2.426440055
2019,125,2.216591372
2019,126,2.122471448
2019,127,2.518745743
2019,128,2.462381347
2019,129,2.650694628
2019,130,2.874348776
2019,131,2.685381074
2019,132,2.846783202
2019,133,3.114579416
2019,134,3.35631544
2019,135,3.960323971
2019,136,4.219541445
2019,137,3.685152026
2019,138,3.150853319
2019,139,3.176123022
2019,140,3.008191808
2019,141,2.985055991
2019,142,2.929842771
2019,143,3.314881767
2019,144,3.893372217
2019,145,4.751419013
2019,146,5.2876961
2019,147,5.419580191
2019,148,4.874441429
2019,149,5.056759095
2019,150,5.064998746
2019,151,4.564053886
2019,152,4.12697658
2019,153,4.366943725
2019,154,4.603772675
2019,155,4.609912997
2019,156,4.602578304
2019,157,4.702367712
2019,158,4.748539995
2019,159,4.698575097
2019,160,5.045523796
2019,161,5.178077426
2019,162,5.225318811
2019,163,4.893881822
2019,164,4.834765836
2019,165,5.610709856
2019,166,5.83340721
2019,167,6.6468627
2019,168,6.959725378
2019,169,6.367338751
2019,170,6.164712452
2019,171,5.484063289
2019,172,4.681553684
2019,173,4.138941893
2019,174,3.884290243
2019,175,4.067785001
2019,176,4.028711994
2019,177,4.130179569
2019,178,4.149105929
2019,179,4.637336024
2019,180,4.71625525
2019,181,4.425567276
2019,182,4.084424129
2019,183,4.054942809
2019,184,4.416230445
2019,185,4.400371006
2019,186,5.520818827
2019,187,6.668633521
2019,188,6.443873553
2019,189,6.142218097
2019,190,6.157751404
2019,191,5.7741206
2019,192,5.79204913
2019,193,4.987187499
2019,194,5.228832812
2019,195,5.402876269
2019,196,5.686324581
2019,197,5.394712212
2019,198,5.657916684
2019,199,5.901469103
2019,200,5.479750161
2019,201,5.030856569
2019,202,5.0452603
2019,203,4.650085345
2019,204,4.516242313
2019,205,4.783334431
2019,206,4.79038619
2019,207,4.744622111
2019,208,5.134682651
2019,209,5.687162585
2019,210,6.326144816
2019,211,6.74805814
2019,212,7.138801178
2019,213,7.766031917
2019,214,8.306503343
2019,215,10.40080663
2019,216,9.391670772
2019,217,9.009035637
2019,218,9.169176439
2019,219,8.240443589
2019,220,7.599670881
2019,221,7.535293613
2019,222,6.856277262
2019,223,7.252486763
2019,224,7.533084134
2019,225,8.018640393
2019,226,7.538654268
2019,227,7.256611988
2019,228,7.347375577
2019,229,7.780023125
2019,230,8.167874186
2019,231,8.463151743
2019,232,9.421111055
2019,233,9.494801396
2019,234,8.525354088
2019,235,7.816811061
2019,236,6.618733417
2019,237,5.663970614
2019,238,4.980956466
2019,239,4.65530559
2019,240,4.53232853
2019,241,4.149060573
2019,242,4.279134748
2019,243,4.759967516
2019,244,5.505788754
2019,245,5.922591983
2019,246,4.943099427
2019,247,4.836932119
2019,248,4.587502874
2019,249,4.656385492
2019,250,4.858184587
2019,251,5.191628034
2019,252,4.859983703
2019,253,4.593550325
2019,254,4.72714498
2019,255,4.975658467
2019,256,5.448385492
2019,257,4.664504194
2019,258,4.045513106
2019,259,3.702745787
2019,260,3.06240288
2019,261,2.833405378
2019,262,2.562101642
2019,263,2.523650657
2019,264,2.040979896
2019,265,1.781818577
2019,266,1.755056449
2019,267,1.578470903
2019,268,1.560468939
2019,269,1.586231077
2019,270,1.489763447
2019,271,1.806336668
2019,272,1.950946321
2019,273,1.74558787
2019,274,1.437675462
2019,275,1.365861991
2019,276,1.241321233
2019,277,1.218984543
2019,278,1.033614211
2019,279,0.885471983
2019,280,0.774915737
2019,281,0.768278013
2019,282,0.852280768
2019,283,0.836815278
2019,284,0.765912812
2019,285,0.727284291
2019,286,0.695226542
2019,287,0.904531818
2019,288,1.151979227
2019,289,1.193639679
2019,290,1.404859406
2019,291,1.785399531
2019,292,1.899085116
2019,293,1.875042182
2019,294,1.616841974
2019,295,1.668675102
2019,296,1.843770385
2019,297,1.485303452
2019,298,1.527582905
2019,299,1.542711034
2019,300,1.898586201
2019,301,1.710342034
2019,302,1.381278669
2019,303,1.16448557
2019,304,0.852155931
2019,305,0.985536982
2019,306,0.9174727
2019,307,0.875485
2019,308,0.6798539
2019,309,0.6778856
2019,310,0.6385992
2019,311,0.6758304
2019,312,0.7674385
2019,313,0.75157182
2019,314,0.5026284
2019,315,0.43700867
2019,316,0.5537545
2019,317,0.5576641
2019,318,0.5047982
2019,319,0.38221631
2019,320,0.46231336
2019,321,0.55290695
2019,322,0.5891722
2019,323,0.5212852
2019,324,0.5073159
2019,325,0.5767086
2019,326,0.731834
2019,327,0.652783
2019,328,0.5131932
2019,329,0.56218999
2019,330,0.6269609
2019,331,0.6443572
2019,332,0.7412805
2019,333,0.7393585
2019,334,0.6730551
2019,335,0.6139211
2019,336,0.640892
2019,337,0.888753
2019,338,0.975073
2019,339,1.019256
2019,340,1.029023
2019,341,0.8183178
2019,342,0.8221709
2019,343,1.017139
2019,344,1.0356171
2019,345,1.000194
2019,346,1.0471574
2019,347,0.981281
2019,348,1.127268
2019,349,1.051419
2019,350,1.074493
2019,351,1.093878
2019,352,1.115355
2019,353,1.107643
2019,354,1.308775
2019,355,1.48584
2019,356,1.397344
2019,357,1.058578
2019,358,1.118618
2019,359,1.108704
2019,360,1.107643
2019,361,1.323153
2019,362,1.48584
2019,363,1.251106
2019,364,0.9045814
2019,365,1.102448
2020,1,0.6666148
2020,2,0.7272098
2020,3,1.5607504
2020,4,0.5740362
2020,5,0.45144075
2020,6,0.5929799
2020,7,0.6119994
2020,8,0.6666148
2020,9,0.7272098
2020,10,0.5233384
2020,11,0.41605785
2020,12,0.45144075
2020,13,0.5929799
2020,14,0.6119994
2020,15,0.6666148
2020,16,0.7272098
2020,17,0.5233384
2020,18,0.41605785
2020,19,0.45144075
2020,20,0.5929799
2020,21,0.6119994
2020,22,0.6666148
2020,23,0.7272098
2020,24,0.5233384
2020,25,0.41605785
2020,26,0.45144075
2020,27,0.5929799
2020,28,0.6119994
2020,29,0.6666148
2020,30,0.7272098
2020,31,0.5233384
2020,32,0.41605785
2020,33,0.45144075
2020,34,0.5929799
2020,35,0.6119994
2020,36,0.6666148
2020,37,0.7272098
2020,38,0.5233384
2020,39,0.41605785
2020,40,0.45144075
2020,41,0.5929799
2020,42,0.6119994
2020,43,0.6666148
2020,44,0.7272098
2020,45,0.5233384
2020,46,0.41605785
2020,47,0.45144075
2020,48,0.5929799
2020,49,0.6119994
2020,50,0.6666148
2020,51,0.7272098
2020,52,1.2608575
2020,53,0.3183202
2020,54,0.5443461
2020,55,1.2109973
2020,56,0.60434814
2020,57,1.3283486
2020,58,1.6758964
2020,59,1.61088305
2020,60,0.9796395
2020,61,0.39460478
2020,62,0.4676047
2020,63,1.07338765
2020,64,1.36985336
2020,65,0.98793087
2020,66,0.4094791
2020,67,0.16358457
2020,68,0.1267739
2020,69,0.04960062
2020,70,0.5001391
2020,71,1.07755632
2020,72,0.21807697
2020,73,0.17118307
2020,74,0.31112923
2020,75,0.169546876
2020,76,0.372771074
2020,77,0.846502883
2020,78,0.986147396
2020,79,0.73763328
2020,80,1.334121732
2020,81,0.5782538
2020,82,0.59767879
2020,83,0.809826155
2020,84,0.509227923
2020,85,0.352127282
2020,86,0.4032426
2020,87,0.3615252
2020,88,0.34356457
2020,89,0.31542978
2020,90,0.31273821
2020,91,0.3829923
2020,92,0.645557191
2020,93,1.008541029
2020,94,1.230368393
2020,95,1.590203172
2020,96,1.684565685
2020,97,0.33983542
2020,98,0.34640254
2020,99,0.648686423
2020,100,0.20641389
2020,101,0.778088813
2020,102,0.962159051
2020,103,0.850350767
2020,104,0.530368081
2020,105,0.520349832
2020,106,0.558219613
2020,107,0.396633902
2020,108,0.6666437
2020,109,0.647417128
2020,110,0.741350877
2020,111,0.901292976
2020,112,0.965975424
2020,113,1.113252306
2020,114,1.218952578
2020,115,1.157740201
2020,116,1.051446824
2020,117,1.515479797
2020,118,1.450083534
2020,119,1.504830453
2020,120,1.482278647
2020,121,1.312940538
2020,122,1.780867183
2020,123,1.832719317
2020,124,2.186069027
2020,125,2.565892097
2020,126,2.327228178
2020,127,2.413546027
2020,128,2.622714371
2020,129,2.902510455
2020,130,2.98232384
2020,131,3.367244047
2020,132,3.323445389
2020,133,2.961648039
2020,134,2.977220224
2020,135,2.859932086
2020,136,3.450942918
2020,137,2.880661882
2020,138,2.395485749
2020,139,2.299146843
2020,140,2.213010417
2020,141,2.079873641
2020,142,2.117000665
2020,143,2.042068437
2020,144,2.200563469
2020,145,2.747000273
2020,146,3.24048517
2020,147,4.034156859
2020,148,4.88015195
2020,149,5.811776777
2020,150,7.300894442
2020,151,8.057536297
2020,152,6.739075517
2020,153,5.642242989
2020,154,5.00929309
2020,155,3.975535468
2020,156,3.550872713
2020,157,3.221154928
2020,158,2.514145361
2020,159,1.891713706
2020,160,1.458413897
2020,161,0.963897909
2020,162,0.627505682
2020,163,0.259040177
2020,164,0.686720112
2020,165,1.963065844
2020,166,3.022662493
2020,167,4.427018664
2020,168,6.206055413
2020,169,7.101840458
2020,170,7.291842705
2020,171,5.804580311
2020,172,5.936537835
2020,173,5.173319378
2020,174,5.011444254
2020,175,5.401357928
2020,176,5.483244723
2020,177,5.623709714
2020,178,5.487914219
2020,179,5.766081811
2020,180,5.336909386
2020,181,4.264761254
2020,182,2.227636608
2020,183,1.458860544
2020,184,1.861714033
2020,185,2.432167854
2020,186,2.89156673
2020,187,3.309730635
2020,188,3.645139504
2020,189,3.957857475
2020,190,4.077400447
2020,191,4.920179591
2020,192,5.075039673
2020,193,4.605800731
2020,194,4.574187685
2020,195,4.331287527
2020,196,4.366617595
2020,197,4.195448836
2020,198,3.985094759
2020,199,3.821465874
2020,200,3.53980372
2020,201,3.538216264
2020,202,3.426435626
2020,203,2.750587707
2020,204,2.98595231
2020,205,3.46400973
2020,206,3.548585481
2020,207,3.857547554
2020,208,4.35995676
2020,209,4.515410788
2020,210,4.663603556
2020,211,4.356140387
2020,212,5.080400305
2020,213,5.541950346
2020,214,6.011629888
2020,215,5.902361102
2020,216,5.85409165
2020,217,6.37065189
2020,218,6.941032277
2020,219,7.940148808
2020,220,7.675888192
2020,221,7.55534739
2020,222,6.478788939
2020,223,5.979921811
2020,224,5.094307281
2020,225,4.611902176
2020,226,3.97880973
2020,227,3.645901914
2020,228,3.196615239
2020,229,2.591580802
2020,230,2.184846578
2020,231,2.500709223
2020,232,2.907097878
2020,233,3.171053962
2020,234,3.461770014
2020,235,4.183092599
2020,236,4.230368541
2020,237,4.454264587
2020,238,4.559544216
2020,239,3.984379864
2020,240,3.520350368
2020,241,2.914285705
2020,242,2.475251617
2020,243,2.810539536
2020,244,3.266800218
2020,245,3.116477884
2020,246,2.910659395
2020,247,2.796783747
2020,248,2.59655267
2020,249,2.864567025
2020,250,3.770565781
2020,251,4.642636182
2020,252,4.671955517
2020,253,4.766271983
2020,254,4.554924396
2020,255,4.397001713
2020,256,4.441208574
2020,257,3.969513935
2020,258,4.28670486
2020,259,4.975178991
2020,260,4.631515353
2020,261,4.673508416
2020,262,3.636470052
2020,263,2.81754162
2020,264,1.924795419
2020,265,1.648755233
2020,266,1.32455769
2020,267,1.096975939
2020,268,0.666406554
2020,269,0.406594701
2020,270,0.802032936
2020,271,1.352564728
2020,272,1.558677382
2020,273,2.086817409
2020,274,3.533382623
2020,275,3.445999127
2020,276,3.595196204
2020,277,2.945259449
2020,278,2.358419198
2020,279,1.880640393
2020,280,1.83765814
2020,281,2.219323523
2020,282,2.148425809
2020,283,1.955453832
2020,284,1.851334017
2020,285,1.31755647
2020,286,1.20843455
2020,287,0.829560065
2020,288,0.584629908
2020,289,0.508092082
2020,290,0.9251883
2020,291,0.50379925
2020,292,0.6496326
2020,293,0.4789325
2020,294,0.44542306
2020,295,0.46264718
2020,296,0.61618749
2020,297,0.7363165
2020,298,0.8272896
2020,299,0.66598887
2020,300,0.58177983
2020,301,0.3066089
2020,302,0.5955264
2020,303,0.8156093
2020,304,1.861135
2020,305,1.12350177
2020,306,1.19580345
2020,307,0.9169688
2020,308,0.6678283
2020,309,0.801366
2020,310,1.47043533
2020,311,0.6527211
2020,312,0.85079178
2020,313,0.8135069
2020,314,0.90809032
2020,315,0.7527734
2020,316,0.9494654
2020,317,0.859252
2020,318,0.8839446
2020,319,0.60702267
2020,320,1.0782055
2020,321,1.3081747
2020,322,1.708699
2020,323,1.11718971
2020,324,1.0021901
2020,325,1.4574021
2020,326,0.7559834
2020,327,0.63372535
2020,328,0.9668145
2020,329,0.7524151
2020,330,0.684296
2020,331,0.4565486
2020,332,0.56995327
2020,333,0.50982467
2020,334,0.9875278
2020,335,0.9687025
2020,336,0.9641161
2020,337,0.6493502
2020,338,0.24943196
2020,339,0.7965584
2020,340,0.5633871
2020,341,0.7954913
2020,342,0.6211314
2020,343,0.6982867
2020,344,0.5197551
2020,345,0.51518976
2020,346,0.5738142
2020,347,0.6481349
2020,348,0.6610655
2020,349,0.5353251
2020,350,0.31115688
2020,351,0.379041
2020,352,0.5242941
2020,353,0.7764596
2020,354,0.33319491
2020,355,0.34733766
2020,356,0.5559255
2020,357,0.6330139
2020,358,0.6952066
2020,359,0.7297607
2020,360,0.7214614
2020,361,0.26650598
2020,362,0.3404427
2020,363,0.6601154
2020,364,0.4446532
2020,365,0.2800135
2020,366,0.4975518
2021,1,0.6231118
2021,2,1.0118481
2021,3,0.1901414
2021,4,1.1731413
2021,5,0.7811182
2021,6,0.3051741
2021,7,0.5434129
2021,8,0.6211097
2021,9,0.4107635
2021,10,0.686062
2021,11,0.6533625
2021,12,0.3315273
2021,13,0.6967894
2021,14,0.6014159
2021,15,0.6086025
2021,16,0.7444403
2021,17,0.82550116
2021,18,0.82921056
2021,19,0.60382826
2021,20,0.4773921
2021,21,0.6242775
2021,22,0.60678285
2021,23,0.6112848
2021,24,0.558392306
2021,25,0.5514057
2021,26,0.78162202
2021,27,0.708161465
2021,28,0.61605979
2021,29,0.4450374
2021,30,0.5193779
2021,31,0.5932522
2021,32,0.3358866
2021,33,0.49852558
2021,34,0.52700921
2021,35,0.44660193
2021,36,0.38370023
2021,37,0.3598474
2021,38,0.3125645
2021,39,0.34866984
2021,40,1.1778081
2021,41,0.3891403
2021,42,0.29186416
2021,43,0.35279618
2021,44,0.5292161
2021,45,0.5905722
2021,46,0.6454789
2021,47,0.4328934
2021,48,0.4254624
2021,49,0.4973979
2021,50,0.8643081
2021,51,0.8052536
2021,52,0.7601284
2021,53,0.997993088
2021,54,0.695287
2021,55,0.6846084
2021,56,0.45783133
2021,57,0.469671761
2021,58,0.5566783
2021,59,0.5318041
2021,60,0.38984392
2021,61,0.37091122
2021,62,0.36843812
2021,63,0.5556494
2021,64,1.00891762
2021,65,0.8334351
2021,66,0.69043592
2021,67,0.26095349
2021,68,0.34594792
2021,69,0.4730274
2021,70,0.72351873
2021,71,0.518095564
2021,72,0.419336384
2021,73,0.394470384
2021,74,0.44351936
2021,75,0.43778652
2021,76,0.490984229
2021,77,0.43227225
2021,78,0.2294079
2021,79,0.22428009
2021,80,0.2297421
2021,81,0.28532298
2021,82,0.51376351
2021,83,0.31221441
2021,84,0.55394372
2021,85,0.906252014
2021,86,0.7731193
2021,87,0.22957566
2021,88,2.029678292
2021,89,1.971059277
2021,90,0.8933008
2021,91,0.0687473
2021,92,0.03217778
2021,93,-0.2583988
2021,94,0.298084221
2021,95,-0.00590878
2021,96,0.01102383
2021,97,0.0756504
2021,98,0.0199531
2021,99,0.06799494
2021,100,0.20286693
2021,101,0.335661781
2021,102,1.020930116
2021,103,1.200120386
2021,104,1.588692173
2021,105,1.587421993
2021,106,1.826225868
2021,107,2.445689089
2021,108,2.857108575
2021,109,2.926758355
2021,110,2.225507689
2021,111,2.151890782
2021,112,2.121788518
2021,113,1.917316019
2021,114,1.606925387
2021,115,1.719668499
2021,116,1.526260457
2021,117,1.219212403
2021,118,1.441807383
2021,119,1.293585673
2021,120,1.184774117
2021,121,1.517714978
2021,122,2.262767542
2021,123,2.762287363
2021,124,3.016478975
2021,125,2.594474939
2021,126,2.536745547
2021,127,2.422662558
2021,128,2.289142416
2021,129,2.199839935
2021,130,1.962901266
2021,131,1.710044845
2021,132,1.408430857
2021,133,1.15207145
2021,134,1.616284961
2021,135,2.118624838
2021,136,2.551468928
2021,137,3.111553532
2021,138,3.716311514
2021,139,4.351812141
2021,140,4.819312441
2021,141,4.794228481
2021,142,3.720803905
2021,143,3.494117393
2021,144,4.253880164
2021,145,4.209781293
2021,146,3.630930155
2021,147,3.056515255
2021,148,2.028046992
2021,149,2.283080927
2021,150,3.159609163
2021,151,3.200902449
2021,152,2.812774933
2021,153,2.532834142
2021,154,2.576034535
2021,155,2.526203545
2021,156,2.32913658
2021,157,2.166905089
2021,158,1.966340322
2021,159,1.807170352
2021,160,1.800341053
2021,161,1.788507488
2021,162,1.751853461
2021,163,1.875438506
2021,164,1.935914088
2021,165,2.183978337
2021,166,2.22024144
2021,167,2.066629725
2021,168,1.502020333
2021,169,1.700886198
2021,170,1.795500933
2021,171,2.366663169
2021,172,2.784304401
2021,173,3.276590608
2021,174,4.116618162
2021,175,4.567516051
2021,176,4.700184151
2021,177,4.802034012
2021,178,5.160948023
2021,179,5.818392255
2021,180,6.459981369
2021,181,7.012312277
2021,182,7.143310848
2021,183,6.386072888
2021,184,4.552101533
2021,185,3.919123556
2021,186,4.387876542
2021,187,3.84879387
2021,188,3.679253602
2021,189,4.225809196
2021,190,4.764578697
2021,191,4.846312146
2021,192,4.940488225
2021,193,5.540654464
2021,194,6.319987216
2021,195,5.59372516
2021,196,6.322762563
2021,197,5.842122018
2021,198,5.82527123
2021,199,4.88861622
2021,200,4.840618904
2021,201,4.889925061
2021,202,4.245208552
2021,203,3.934913881
2021,204,3.198440273
2021,205,2.670519466
2021,206,2.632325498
2021,207,2.894877709
2021,208,2.660688039
2021,209,2.711348394
2021,210,3.366086392
2021,211,4.136198942
2021,212,4.932559586
2021,213,5.462095926
2021,214,6.375723109
2021,215,6.843739602
2021,216,6.870460693
2021,217,7.026916869
2021,218,5.977798724
2021,219,5.245670641
2021,220,5.26295339
2021,221,4.968395048
2021,222,4.590451006
2021,223,5.365792441
2021,224,4.632724843
2021,225,4.423163414
2021,226,3.543589856
2021,227,3.187811879
2021,228,3.207019013
2021,229,2.818427139
2021,230,2.36202607
2021,231,2.442085672
2021,232,2.611202618
2021,233,2.572956815
2021,234,2.534611661
2021,235,2.630640851
2021,236,2.720914164
2021,237,2.529063125
2021,238,2.172678244
2021,239,1.189178389
2021,240,0.956019161
2021,241,0.940759932
2021,242,1.131329992
2021,243,1.088267179
2021,244,1.029085103
2021,245,0.83086977
2021,246,0.741980243
2021,247,1.447033028
2021,248,1.939894606
2021,249,2.0710854
2021,250,2.37764577
2021,251,2.463616755
2021,252,2.830690505
2021,253,2.787539787
2021,254,2.808230706
2021,255,3.22729525
2021,256,3.319162498
2021,257,2.201045105
2021,258,1.97841384
2021,259,1.862662403
2021,260,1.849619781
2021,261,1.583974082
2021,262,1.739311481
2021,263,1.432003818
2021,264,1.265227883
2021,265,1.426474937
2021,266,1.979732184
2021,267,1.948438789
2021,268,1.743676444
2021,269,1.515650854
2021,270,1.229529137
2021,271,0.688228994
2021,272,0.501908996
2021,273,0.493679712
2021,274,0.246094508
2021,275,0.342563434
2021,276,0.509321874
2021,277,0.618902536
2021,278,0.696672746
2021,279,0.939792772
2021,280,0.997340309
2021,281,1.092948121
2021,282,1.054077055
2021,283,1.040214355
2021,284,1.076957583
2021,285,0.732369117
2021,286,0.864225562
2021,287,0.988670425
2021,288,0.895265828
2021,289,1.005662032
2021,290,0.858057379
2021,291,0.779955639
2021,292,1.201187113
2021,293,2.008813941
2021,294,1.718126615
2021,295,2.464842659
2021,296,2.857266889
2021,297,2.342054366
2021,298,3.371073379
2021,299,3.124089032
2021,300,0.39003712
2021,301,0.43816708
2021,302,0.36965454
2021,303,0.9864211
2021,304,1.2046774
2021,305,0.28129898
2021,306,0.13945571
2021,307,0.2918435
2021,308,0.445395549
2021,309,0.393826189
2021,310,0.215281336
2021,311,0.265247949
2021,312,0.39489223
2021,313,0.315111674
2021,314,0.3725912
2021,315,0.3937533
2021,316,0.34613267
2021,317,0.37895927
2021,318,0.35485231
2021,319,0.3499161
2021,320,0.3190218
2021,321,0.245604973
2021,322,0.27236154
2021,323,0.407707063
2021,324,0.4470125
2021,325,0.4293174
2021,326,0.45458884
2021,327,0.39420029
2021,328,0.4122183
2021,329,0.4610012
2021,330,0.5140411
2021,331,0.32316904
2021,332,0.3559794
2021,333,0.581885
2021,334,0.4215663
2021,335,0.4774081
2021,336,0.37634117
2021,337,0.4012801
2021,338,0.3736116
2021,339,0.3634432
2021,340,0.186741
2021,341,0.3087444
2021,342,0.3544236
2021,343,0.375164
2021,344,0.3599103
2021,345,0.3883649
2021,346,0.4121456
2021,347,0.4482966
2021,348,0.4534344
2021,349,0.48954
2021,350,0.3987236
2021,351,0.33361426
2021,352,0.3551252
2021,353,0.3549229
2021,354,0.6724442
2021,355,0.3712983
2021,356,0.3924496
2021,357,0.38813916
2021,358,0.382702
2021,359,0.3470015
2021,360,0.2626485
2021,361,-0.0137317
2021,362,0.3189999
2021,363,0.31458532
2021,364,0.33983986
2021,365,0.3871431
